Workbook

Sheet Dashboard
A1: HR Analytics Dashboard
A2: Workforce headcount, diversity, tenure, pay and attrition | Sample data | KPI cards respond to the department filter
A3: Department filter: | C3: All | F3: As of: | G3: =Assumptions!$B$3 -> 46295
A5: ACTIVE HEADCOUNT | D5: NEW HIRES (LAST 12M) | G5: EXITS (LAST 12M) | J5: ATTRITION RATE (12M)
A6: =Analysis!$B$3 -> 262 | D6: =COUNTIFS(Employee_Data!$D$2:$D$321,Analysis!$B$1,Employee_Data!$G$2:$G$321,">="&Assumptions!$B$4,Employee_Data!$G$2:$G$321,"<="&Assumptions!$B$3) -> 65 | G6: =COUNTIFS(Employee_Data!$D$2:$D$321,Analysis!$B$1,Employee_Data!$H$2:$H$321,">="&Assumptions!$B$4,Employee_Data!$H$2:$H$321,"<="&Assumptions!$B$3) -> 58 | J6: =IFERROR(G6/AVERAGE(Analysis!$B$2,Analysis!$B$3),0) -> 0.22437137
A8: AVG TENURE (YEARS) | D8: AVG ANNUAL SALARY (INR) | G8: FEMALE REPRESENTATION | J8: AVG PERFORMANCE RATING
A9: =IFERROR(AVERAGEIFS(Employee_Data!$O$2:$O$321,Employee_Data!$D$2:$D$321,Analysis!$B$1,Employee_Data!$M$2:$M$321,"Active"),0) -> 3.7788924 | D9: =IFERROR(AVERAGEIFS(Employee_Data!$K$2:$K$321,Employee_Data!$D$2:$D$321,Analysis!$B$1,Employee_Data!$M$2:$M$321,"Active"),0) -> 795633.59 | G9: =IFERROR(COUNTIFS(Employee_Data!$D$2:$D$321,Analysis!$B$1,Employee_Data!$M$2:$M$321,"Active",Employee_Data!$C$2:$C$321,"Female")/A6,0) -> 0.46564885 | J9: =IFERROR(AVERAGEIFS(Employee_Data!$L$2:$L$321,Employee_Data!$D$2:$D$321,Analysis!$B$1,Employee_Data!$M$2:$M$321,"Active"),0) -> 3.3778626
A11: Key insights
A12: ="• Largest department: "&INDEX(Analysis!$A$7:$A$13,MATCH(MAX(Analysis!$B$7:$B$13),Analysis!$B$7:$B$13,0))&" with "&MAX(Analysis!$B$7:$B$13)&" active employees ("&TEXT(MAX(Analysis!$B$7:$B$13)/Analysis!$B$14,"0%")&" of the workforce)." -> • Largest department: Sales with 52 active employees (20% of the workforce).
A13: ="• Highest attrition: "&INDEX(Analysis!$A$7:$A$13,MATCH(MAX(Analysis!$K$7:$K$13),Analysis!$K$7:$K$13,0))&" at "&TEXT(MAX(Analysis!$K$7:$K$13),"0.0%")&" versus the company average of "&TEXT(Analysis!$K$14,"0.0%")&"." -> • Highest attrition: Customer Support at 38.3% versus the company average of 22.4%.
A14: ="• Largest gender pay gap by job level: "&INDEX(Analysis!$A$37:$A$41,MATCH(MAX(Analysis!$D$37:$D$41),Analysis!$D$37:$D$41,0))&" ("&TEXT(MAX(Analysis!$D$37:$D$41),"0.0%")&" higher average pay for men). Female representation overall is "&TEXT(Analysis!$E$14,"0%")&"." -> • Largest gender pay gap by job level: Director (12.7% higher average pay for men). Female representation overall is 47%.

Sheet Analysis
A1: Dept filter criteria | B1: =IF(Dashboard!$C$3="All","*",Dashboard!$C$3) -> *
A2: Filtered headcount at window start | B2: =COUNTIFS(Employee_Data!$D$2:$D$321,$B$1,Employee_Data!$G$2:$G$321,"<"&Assumptions!$B$4,Employee_Data!$H$2:$H$321,"")+COUNTIFS(Employee_Data!$D$2:$D$321,$B$1,Employee_Data!$G$2:$G$321,"<"&Assumptions!$B$4,Employee_Data!$H$2:$H$321,">="&Assumptions!$B$4) -> 255
A3: Filtered active headcount | B3: =COUNTIFS(Employee_Data!$D$2:$D$321,$B$1,Employee_Data!$M$2:$M$321,"Active") -> 262
A5: Headcount & attrition by department
A6: Department | B6: Active HC | C6: Female | D6: Male | E6: Female % | F6: Avg Salary (INR) | G6: Avg Tenure (yrs) | H6: Exits (12m) | I6: HC at Window Start | J6: Average HC | K6: Attrition % (12m)
A7: Sales | B7: =COUNTIFS(Employee_Data!$D$2:$D$321,$A7,Employee_Data!$M$2:$M$321,"Active") -> 52 | C7: =COUNTIFS(Employee_Data!$D$2:$D$321,$A7,Employee_Data!$M$2:$M$321,"Active",Employee_Data!$C$2:$C$321,"Female") -> 23 | D7: =COUNTIFS(Employee_Data!$D$2:$D$321,$A7,Employee_Data!$M$2:$M$321,"Active",Employee_Data!$C$2:$C$321,"Male") -> 29 | E7: =IFERROR(C7/B7,0) -> 0.44230769 | F7: =IFERROR(AVERAGEIFS(Employee_Data!$K$2:$K$321,Employee_Data!$D$2:$D$321,$A7,Employee_Data!$M$2:$M$321,"Active"),0) -> 831480.77 | G7: =IFERROR(AVERAGEIFS(Employee_Data!$O$2:$O$321,Employee_Data!$D$2:$D$321,$A7,Employee_Data!$M$2:$M$321,"Active"),0) -> 3.4423735 | H7: =COUNTIFS(Employee_Data!$D$2:$D$321,$A7,Employee_Data!$H$2:$H$321,">="&Assumptions!$B$4,Employee_Data!$H$2:$H$321,"<="&Assumptions!$B$3) -> 18 | I7: =COUNTIFS(Employee_Data!$D$2:$D$321,$A7,Employee_Data!$G$2:$G$321,"<"&Assumptions!$B$4,Employee_Data!$H$2:$H$321,"")+COUNTIFS(Employee_Data!$D$2:$D$321,$A7,Employee_Data!$G$2:$G$321,"<"&Assumptions!$B$4,Employee_Data!$H$2:$H$321,">="&Assumptions!$B$4) -> 58 | J7: =AVERAGE(I7,B7) -> 55 | K7: =IFERROR(H7/J7,0) -> 0.32727273
A8: Customer Support | B8: =COUNTIFS(Employee_Data!$D$2:$D$321,$A8,Employee_Data!$M$2:$M$321,"Active") -> 42 | C8: =COUNTIFS(Employee_Data!$D$2:$D$321,$A8,Employee_Data!$M$2:$M$321,"Active",Employee_Data!$C$2:$C$321,"Female") -> 20 | D8: =COUNTIFS(Employee_Data!$D$2:$D$321,$A8,Employee_Data!$M$2:$M$321,"Active",Employee_Data!$C$2:$C$321,"Male") -> 22 | E8: =IFERROR(C8/B8,0) -> 0.47619048 | F8: =IFERROR(AVERAGEIFS(Employee_Data!$K$2:$K$321,Employee_Data!$D$2:$D$321,$A8,Employee_Data!$M$2:$M$321,"Active"),0) -> 450309.52 | G8: =IFERROR(AVERAGEIFS(Employee_Data!$O$2:$O$321,Employee_Data!$D$2:$D$321,$A8,Employee_Data!$M$2:$M$321,"Active"),0) -> 4.4091783 | H8: =COUNTIFS(Employee_Data!$D$2:$D$321,$A8,Employee_Data!$H$2:$H$321,">="&Assumptions!$B$4,Employee_Data!$H$2:$H$321,"<="&Assumptions!$B$3) -> 18 | I8: =COUNTIFS(Employee_Data!$D$2:$D$321,$A8,Employee_Data!$G$2:$G$321,"<"&Assumptions!$B$4,Employee_Data!$H$2:$H$321,"")+COUNTIFS(Employee_Data!$D$2:$D$321,$A8,Employee_Data!$G$2:$G$321,"<"&Assumptions!$B$4,Employee_Data!$H$2:$H$321,">="&Assumptions!$B$4) -> 52 | J8: =AVERAGE(I8,B8) -> 47 | K8: =IFERROR(H8/J8,0) -> 0.38297872
A9: IT | B9: =COUNTIFS(Employee_Data!$D$2:$D$321,$A9,Employee_Data!$M$2:$M$321,"Active") -> 47 | C9: =COUNTIFS(Employee_Data!$D$2:$D$321,$A9,Employee_Data!$M$2:$M$321,"Active",Employee_Data!$C$2:$C$321,"Female") -> 13 | D9: =COUNTIFS(Employee_Data!$D$2:$D$321,$A9,Employee_Data!$M$2:$M$321,"Active",Employee_Data!$C$2:$C$321,"Male") -> 34 | E9: =IFERROR(C9/B9,0) -> 0.27659574 | F9: =IFERROR(AVERAGEIFS(Employee_Data!$K$2:$K$321,Employee_Data!$D$2:$D$321,$A9,Employee_Data!$M$2:$M$321,"Active"),0) -> 1062021.3 | G9: =IFERROR(AVERAGEIFS(Employee_Data!$O$2:$O$321,Employee_Data!$D$2:$D$321,$A9,Employee_Data!$M$2:$M$321,"Active"),0) -> 3.9492624 | H9: =COUNTIFS(Employee_Data!$D$2:$D$321,$A9,Employee_Data!$H$2:$H$321,">="&Assumptions!$B$4,Employee_Data!$H$2:$H$321,"<="&Assumptions!$B$3) -> 8 | I9: =COUNTIFS(Employee_Data!$D$2:$D$321,$A9,Employee_Data!$G$2:$G$321,"<"&Assumptions!$B$4,Employee_Data!$H$2:$H$321,"")+COUNTIFS(Employee_Data!$D$2:$D$321,$A9,Employee_Data!$G$2:$G$321,"<"&Assumptions!$B$4,Employee_Data!$H$2:$H$321,">="&Assumptions!$B$4) -> 45 | J9: =AVERAGE(I9,B9) -> 46 | K9: =IFERROR(H9/J9,0) -> 0.17391304
A10: Operations | B10: =COUNTIFS(Employee_Data!$D$2:$D$321,$A10,Employee_Data!$M$2:$M$321,"Active") -> 44 | C10: =COUNTIFS(Employee_Data!$D$2:$D$321,$A10,Employee_Data!$M$2:$M$321,"Active",Employee_Data!$C$2:$C$321,"Female") -> 15 | D10: =COUNTIFS(Employee_Data!$D$2:$D$321,$A10,Employee_Data!$M$2:$M$321,"Active",Employee_Data!$C$2:$C$321,"Male") -> 29 | E10: =IFERROR(C10/B10,0) -> 0.34090909 | F10: =IFERROR(AVERAGEIFS(Employee_Data!$K$2:$K$321,Employee_Data!$D$2:$D$321,$A10,Employee_Data!$M$2:$M$321,"Active"),0) -> 618159.09 | G10: =IFERROR(AVERAGEIFS(Employee_Data!$O$2:$O$321,Employee_Data!$D$2:$D$321,$A10,Employee_Data!$M$2:$M$321,"Active"),0) -> 3.6008338 | H10: =COUNTIFS(Employee_Data!$D$2:$D$321,$A10,Employee_Data!$H$2:$H$321,">="&Assumptions!$B$4,Employee_Data!$H$2:$H$321,"<="&Assumptions!$B$3) -> 6 | I10: =COUNTIFS(Employee_Data!$D$2:$D$321,$A10,Employee_Data!$G$2:$G$321,"<"&Assumptions!$B$4,Employee_Data!$H$2:$H$321,"")+COUNTIFS(Employee_Data!$D$2:$D$321,$A10,Employee_Data!$G$2:$G$321,"<"&Assumptions!$B$4,Employee_Data!$H$2:$H$321,">="&Assumptions!$B$4) -> 41 | J10: =AVERAGE(I10,B10) -> 42.5 | K10: =IFERROR(H10/J10,0) -> 0.14117647
A11: Finance | B11: =COUNTIFS(Employee_Data!$D$2:$D$321,$A11,Employee_Data!$M$2:$M$321,"Active") -> 28 | C11: =COUNTIFS(Employee_Data!$D$2:$D$321,$A11,Employee_Data!$M$2:$M$321,"Active",Employee_Data!$C$2:$C$321,"Female") -> 18 | D11: =COUNTIFS(Employee_Data!$D$2:$D$321,$A11,Employee_Data!$M$2:$M$321,"Active",Employee_Data!$C$2:$C$321,"Male") -> 10 | E11: =IFERROR(C11/B11,0) -> 0.64285714 | F11: =IFERROR(AVERAGEIFS(Employee_Data!$K$2:$K$321,Employee_Data!$D$2:$D$321,$A11,Employee_Data!$M$2:$M$321,"Active"),0) -> 649750 | G11: =IFERROR(AVERAGEIFS(Employee_Data!$O$2:$O$321,Employee_Data!$D$2:$D$321,$A11,Employee_Data!$M$2:$M$321,"Active"),0) -> 3.9511098 | H11: =COUNTIFS(Employee_Data!$D$2:$D$321,$A11,Employee_Data!$H$2:$H$321,">="&Assumptions!$B$4,Employee_Data!$H$2:$H$321,"<="&Assumptions!$B$3) -> 2 | I11: =COUNTIFS(Employee_Data!$D$2:$D$321,$A11,Employee_Data!$G$2:$G$321,"<"&Assumptions!$B$4,Employee_Data!$H$2:$H$321,"")+COUNTIFS(Employee_Data!$D$2:$D$321,$A11,Employee_Data!$G$2:$G$321,"<"&Assumptions!$B$4,Employee_Data!$H$2:$H$321,">="&Assumptions!$B$4) -> 22 | J11: =AVERAGE(I11,B11) -> 25 | K11: =IFERROR(H11/J11,0) -> 0.08
A12: HR | B12: =COUNTIFS(Employee_Data!$D$2:$D$321,$A12,Employee_Data!$M$2:$M$321,"Active") -> 19 | C12: =COUNTIFS(Employee_Data!$D$2:$D$321,$A12,Employee_Data!$M$2:$M$321,"Active",Employee_Data!$C$2:$C$321,"Female") -> 17 | D12: =COUNTIFS(Employee_Data!$D$2:$D$321,$A12,Employee_Data!$M$2:$M$321,"Active",Employee_Data!$C$2:$C$321,"Male") -> 2 | E12: =IFERROR(C12/B12,0) -> 0.89473684 | F12: =IFERROR(AVERAGEIFS(Employee_Data!$K$2:$K$321,Employee_Data!$D$2:$D$321,$A12,Employee_Data!$M$2:$M$321,"Active"),0) -> 1085052.6 | G12: =IFERROR(AVERAGEIFS(Employee_Data!$O$2:$O$321,Employee_Data!$D$2:$D$321,$A12,Employee_Data!$M$2:$M$321,"Active"),0) -> 4.1613891 | H12: =COUNTIFS(Employee_Data!$D$2:$D$321,$A12,Employee_Data!$H$2:$H$321,">="&Assumptions!$B$4,Employee_Data!$H$2:$H$321,"<="&Assumptions!$B$3) -> 1 | I12: =COUNTIFS(Employee_Data!$D$2:$D$321,$A12,Employee_Data!$G$2:$G$321,"<"&Assumptions!$B$4,Employee_Data!$H$2:$H$321,"")+COUNTIFS(Employee_Data!$D$2:$D$321,$A12,Employee_Data!$G$2:$G$321,"<"&Assumptions!$B$4,Employee_Data!$H$2:$H$321,">="&Assumptions!$B$4) -> 16 | J12: =AVERAGE(I12,B12) -> 17.5 | K12: =IFERROR(H12/J12,0) -> 0.057142857
A13: Marketing | B13: =COUNTIFS(Employee_Data!$D$2:$D$321,$A13,Employee_Data!$M$2:$M$321,"Active") -> 30 | C13: =COUNTIFS(Employee_Data!$D$2:$D$321,$A13,Employee_Data!$M$2:$M$321,"Active",Employee_Data!$C$2:$C$321,"Female") -> 16 | D13: =COUNTIFS(Employee_Data!$D$2:$D$321,$A13,Employee_Data!$M$2:$M$321,"Active",Employee_Data!$C$2:$C$321,"Male") -> 14 | E13: =IFERROR(C13/B13,0) -> 0.53333333 | F13: =IFERROR(AVERAGEIFS(Employee_Data!$K$2:$K$321,Employee_Data!$D$2:$D$321,$A13,Employee_Data!$M$2:$M$321,"Active"),0) -> 1012766.7 | G13: =IFERROR(AVERAGEIFS(Employee_Data!$O$2:$O$321,Employee_Data!$D$2:$D$321,$A13,Employee_Data!$M$2:$M$321,"Active"),0) -> 3.0710472 | H13: =COUNTIFS(Employee_Data!$D$2:$D$321,$A13,Employee_Data!$H$2:$H$321,">="&Assumptions!$B$4,Employee_Data!$H$2:$H$321,"<="&Assumptions!$B$3) -> 5 | I13: =COUNTIFS(Employee_Data!$D$2:$D$321,$A13,Employee_Data!$G$2:$G$321,"<"&Assumptions!$B$4,Employee_Data!$H$2:$H$321,"")+COUNTIFS(Employee_Data!$D$2:$D$321,$A13,Employee_Data!$G$2:$G$321,"<"&Assumptions!$B$4,Employee_Data!$H$2:$H$321,">="&Assumptions!$B$4) -> 21 | J13: =AVERAGE(I13,B13) -> 25.5 | K13: =IFERROR(H13/J13,0) -> 0.19607843
A14: Total | B14: =SUM(B7:B13) -> 262 | C14: =SUM(C7:C13) -> 122 | D14: =SUM(D7:D13) -> 140 | E14: =IFERROR(C14/B14,0) -> 0.46564885 | F14: =IFERROR(AVERAGEIFS(Employee_Data!$K$2:$K$321,Employee_Data!$M$2:$M$321,"Active"),0) -> 795633.59 | G14: =IFERROR(AVERAGEIFS(Employee_Data!$O$2:$O$321,Employee_Data!$M$2:$M$321,"Active"),0) -> 3.7788924 | H14: =SUM(H7:H13) -> 58 | I14: =SUM(I7:I13) -> 255 | J14: =AVERAGE(I14,B14) -> 258.5 | K14: =IFERROR(H14/J14,0) -> 0.22437137
A17: Age distribution (active)
A18: Age Band | B18: Active Employees | C18: % of Total
A19: Under 25 | B19: =COUNTIFS(Employee_Data!$P$2:$P$321,$A19,Employee_Data!$M$2:$M$321,"Active") -> 44 | C19: =IFERROR(B19/SUM(B$19:B$23),0) -> 0.16793893
A20: 25 to 34 | B20: =COUNTIFS(Employee_Data!$P$2:$P$321,$A20,Employee_Data!$M$2:$M$321,"Active") -> 165 | C20: =IFERROR(B20/SUM(B$19:B$23),0) -> 0.62977099
A21: 35 to 44 | B21: =COUNTIFS(Employee_Data!$P$2:$P$321,$A21,Employee_Data!$M$2:$M$321,"Active") -> 48 | C21: =IFERROR(B21/SUM(B$19:B$23),0) -> 0.18320611
A22: 45 to 54 | B22: =COUNTIFS(Employee_Data!$P$2:$P$321,$A22,Employee_Data!$M$2:$M$321,"Active") -> 5 | C22: =IFERROR(B22/SUM(B$19:B$23),0) -> 0.019083969
A23: 55 and above | B23: =COUNTIFS(Employee_Data!$P$2:$P$321,$A23,Employee_Data!$M$2:$M$321,"Active") -> 0 | C23: =IFERROR(B23/SUM(B$19:B$23),0) -> 0
A26: Tenure distribution (active)
A27: Tenure Band | B27: Active Employees | C27: % of Total
A28: Under 1 yr | B28: =COUNTIFS(Employee_Data!$Q$2:$Q$321,$A28,Employee_Data!$M$2:$M$321,"Active") -> 54 | C28: =IFERROR(B28/SUM(B$28:B$32),0) -> 0.20610687
A29: 1 to 3 yrs | B29: =COUNTIFS(Employee_Data!$Q$2:$Q$321,$A29,Employee_Data!$M$2:$M$321,"Active") -> 85 | C29: =IFERROR(B29/SUM(B$28:B$32),0) -> 0.32442748
A30: 3 to 5 yrs | B30: =COUNTIFS(Employee_Data!$Q$2:$Q$321,$A30,Employee_Data!$M$2:$M$321,"Active") -> 52 | C30: =IFERROR(B30/SUM(B$28:B$32),0) -> 0.19847328
A31: 5 to 10 yrs | B31: =COUNTIFS(Employee_Data!$Q$2:$Q$321,$A31,Employee_Data!$M$2:$M$321,"Active") -> 54 | C31: =IFERROR(B31/SUM(B$28:B$32),0) -> 0.20610687
A32: 10+ yrs | B32: =COUNTIFS(Employee_Data!$Q$2:$Q$321,$A32,Employee_Data!$M$2:$M$321,"Active") -> 17 | C32: =IFERROR(B32/SUM(B$28:B$32),0) -> 0.064885496
A35: Average salary by job level and gender (active)
A36: Job Level | B36: Avg Salary - Female | C36: Avg Salary - Male | D36: Gap % (Male over Female)
A37: Entry | B37: =IFERROR(AVERAGEIFS(Employee_Data!$K$2:$K$321,Employee_Data!$E$2:$E$321,$A37,Employee_Data!$C$2:$C$321,"Female",Employee_Data!$M$2:$M$321,"Active"),0) -> 339382.98 | C37: =IFERROR(AVERAGEIFS(Employee_Data!$K$2:$K$321,Employee_Data!$E$2:$E$321,$A37,Employee_Data!$C$2:$C$321,"Male",Employee_Data!$M$2:$M$321,"Active"),0) -> 351973.68 | D37: =IFERROR((C37-B37)/C37,0) -> 0.035771724
A38: Associate | B38: =IFERROR(AVERAGEIFS(Employee_Data!$K$2:$K$321,Employee_Data!$E$2:$E$321,$A38,Employee_Data!$C$2:$C$321,"Female",Employee_Data!$M$2:$M$321,"Active"),0) -> 546285.71 | C38: =IFERROR(AVERAGEIFS(Employee_Data!$K$2:$K$321,Employee_Data!$E$2:$E$321,$A38,Employee_Data!$C$2:$C$321,"Male",Employee_Data!$M$2:$M$321,"Active"),0) -> 541863.64 | D38: =IFERROR((C38-B38)/C38,0) -> -0.0081608686
A39: Senior | B39: =IFERROR(AVERAGEIFS(Employee_Data!$K$2:$K$321,Employee_Data!$E$2:$E$321,$A39,Employee_Data!$C$2:$C$321,"Female",Employee_Data!$M$2:$M$321,"Active"),0) -> 895000 | C39: =IFERROR(AVERAGEIFS(Employee_Data!$K$2:$K$321,Employee_Data!$E$2:$E$321,$A39,Employee_Data!$C$2:$C$321,"Male",Employee_Data!$M$2:$M$321,"Active"),0) -> 1008400 | D39: =IFERROR((C39-B39)/C39,0) -> 0.11245537
A40: Manager | B40: =IFERROR(AVERAGEIFS(Employee_Data!$K$2:$K$321,Employee_Data!$E$2:$E$321,$A40,Employee_Data!$C$2:$C$321,"Female",Employee_Data!$M$2:$M$321,"Active"),0) -> 1679000 | C40: =IFERROR(AVERAGEIFS(Employee_Data!$K$2:$K$321,Employee_Data!$E$2:$E$321,$A40,Employee_Data!$C$2:$C$321,"Male",Employee_Data!$M$2:$M$321,"Active"),0) -> 1713571.4 | D40: =IFERROR((C40-B40)/C40,0) -> 0.020175073
A41: Director | B41: =IFERROR(AVERAGEIFS(Employee_Data!$K$2:$K$321,Employee_Data!$E$2:$E$321,$A41,Employee_Data!$C$2:$C$321,"Female",Employee_Data!$M$2:$M$321,"Active"),0) -> 2723500 | C41: =IFERROR(AVERAGEIFS(Employee_Data!$K$2:$K$321,Employee_Data!$E$2:$E$321,$A41,Employee_Data!$C$2:$C$321,"Male",Employee_Data!$M$2:$M$321,"Active"),0) -> 3121428.6 | D41: =IFERROR((C41-B41)/C41,0) -> 0.12748284
A44: Active headcount by location
A45: Location | B45: Active Employees | C45: % of Total
A46: Kolkata | B46: =COUNTIFS(Employee_Data!$F$2:$F$321,$A46,Employee_Data!$M$2:$M$321,"Active") -> 74 | C46: =IFERROR(B46/SUM(B$46:B$50),0) -> 0.28244275
A47: Bengaluru | B47: =COUNTIFS(Employee_Data!$F$2:$F$321,$A47,Employee_Data!$M$2:$M$321,"Active") -> 67 | C47: =IFERROR(B47/SUM(B$46:B$50),0) -> 0.25572519
A48: Mumbai | B48: =COUNTIFS(Employee_Data!$F$2:$F$321,$A48,Employee_Data!$M$2:$M$321,"Active") -> 43 | C48: =IFERROR(B48/SUM(B$46:B$50),0) -> 0.16412214
A49: Delhi NCR | B49: =COUNTIFS(Employee_Data!$F$2:$F$321,$A49,Employee_Data!$M$2:$M$321,"Active") -> 40 | C49: =IFERROR(B49/SUM(B$46:B$50),0) -> 0.15267176
A50: Hyderabad | B50: =COUNTIFS(Employee_Data!$F$2:$F$321,$A50,Employee_Data!$M$2:$M$321,"Active") -> 38 | C50: =IFERROR(B50/SUM(B$46:B$50),0) -> 0.14503817
A53: Performance rating distribution (active)
A54: Rating | B54: Active Employees | C54: % of Total
A55: 1 | B55: =COUNTIFS(Employee_Data!$L$2:$L$321,$A55,Employee_Data!$M$2:$M$321,"Active") -> 6 | C55: =IFERROR(B55/SUM(B$55:B$59),0) -> 0.022900763
A56: 2 | B56: =COUNTIFS(Employee_Data!$L$2:$L$321,$A56,Employee_Data!$M$2:$M$321,"Active") -> 27 | C56: =IFERROR(B56/SUM(B$55:B$59),0) -> 0.10305344
A57: 3 | B57: =COUNTIFS(Employee_Data!$L$2:$L$321,$A57,Employee_Data!$M$2:$M$321,"Active") -> 118 | C57: =IFERROR(B57/SUM(B$55:B$59),0) -> 0.45038168
A58: 4 | B58: =COUNTIFS(Employee_Data!$L$2:$L$321,$A58,Employee_Data!$M$2:$M$321,"Active") -> 84 | C58: =IFERROR(B58/SUM(B$55:B$59),0) -> 0.32061069
A59: 5 | B59: =COUNTIFS(Employee_Data!$L$2:$L$321,$A59,Employee_Data!$M$2:$M$321,"Active") -> 27 | C59: =IFERROR(B59/SUM(B$55:B$59),0) -> 0.10305344
A62: Hires vs exits - last 12 months
A63: Month | B63: Hires | C63: Exits | D63: Net Change
A64: =EDATE(Assumptions!$B$4,0) -> 45931 | B64: =COUNTIFS(Employee_Data!$G$2:$G$321,">="&$A64,Employee_Data!$G$2:$G$321,"<"&EDATE($A64,1)) -> 7 | C64: =COUNTIFS(Employee_Data!$H$2:$H$321,">="&$A64,Employee_Data!$H$2:$H$321,"<"&EDATE($A64,1)) -> 4 | D64: =B64-C64 -> 3
A65: =EDATE(Assumptions!$B$4,1) -> 45962 | B65: =COUNTIFS(Employee_Data!$G$2:$G$321,">="&$A65,Employee_Data!$G$2:$G$321,"<"&EDATE($A65,1)) -> 9 | C65: =COUNTIFS(Employee_Data!$H$2:$H$321,">="&$A65,Employee_Data!$H$2:$H$321,"<"&EDATE($A65,1)) -> 5 | D65: =B65-C65 -> 4
A66: =EDATE(Assumptions!$B$4,2) -> 45992 | B66: =COUNTIFS(Employee_Data!$G$2:$G$321,">="&$A66,Employee_Data!$G$2:$G$321,"<"&EDATE($A66,1)) -> 3 | C66: =COUNTIFS(Employee_Data!$H$2:$H$321,">="&$A66,Employee_Data!$H$2:$H$321,"<"&EDATE($A66,1)) -> 6 | D66: =B66-C66 -> -3
A67: =EDATE(Assumptions!$B$4,3) -> 46023 | B67: =COUNTIFS(Employee_Data!$G$2:$G$321,">="&$A67,Employee_Data!$G$2:$G$321,"<"&EDATE($A67,1)) -> 8 | C67: =COUNTIFS(Employee_Data!$H$2:$H$321,">="&$A67,Employee_Data!$H$2:$H$321,"<"&EDATE($A67,1)) -> 3 | D67: =B67-C67 -> 5
A68: =EDATE(Assumptions!$B$4,4) -> 46054 | B68: =COUNTIFS(Employee_Data!$G$2:$G$321,">="&$A68,Employee_Data!$G$2:$G$321,"<"&EDATE($A68,1)) -> 8 | C68: =COUNTIFS(Employee_Data!$H$2:$H$321,">="&$A68,Employee_Data!$H$2:$H$321,"<"&EDATE($A68,1)) -> 3 | D68: =B68-C68 -> 5
A69: =EDATE(Assumptions!$B$4,5) -> 46082 | B69: =COUNTIFS(Employee_Data!$G$2:$G$321,">="&$A69,Employee_Data!$G$2:$G$321,"<"&EDATE($A69,1)) -> 6 | C69: =COUNTIFS(Employee_Data!$H$2:$H$321,">="&$A69,Employee_Data!$H$2:$H$321,"<"&EDATE($A69,1)) -> 7 | D69: =B69-C69 -> -1
A70: =EDATE(Assumptions!$B$4,6) -> 46113 | B70: =COUNTIFS(Employee_Data!$G$2:$G$321,">="&$A70,Employee_Data!$G$2:$G$321,"<"&EDATE($A70,1)) -> 5 | C70: =COUNTIFS(Employee_Data!$H$2:$H$321,">="&$A70,Employee_Data!$H$2:$H$321,"<"&EDATE($A70,1)) -> 6 | D70: =B70-C70 -> -1
A71: =EDATE(Assumptions!$B$4,7) -> 46143 | B71: =COUNTIFS(Employee_Data!$G$2:$G$321,">="&$A71,Employee_Data!$G$2:$G$321,"<"&EDATE($A71,1)) -> 4 | C71: =COUNTIFS(Employee_Data!$H$2:$H$321,">="&$A71,Employee_Data!$H$2:$H$321,"<"&EDATE($A71,1)) -> 4 | D71: =B71-C71 -> 0
A72: =EDATE(Assumptions!$B$4,8) -> 46174 | B72: =COUNTIFS(Employee_Data!$G$2:$G$321,">="&$A72,Employee_Data!$G$2:$G$321,"<"&EDATE($A72,1)) -> 5 | C72: =COUNTIFS(Employee_Data!$H$2:$H$321,">="&$A72,Employee_Data!$H$2:$H$321,"<"&EDATE($A72,1)) -> 4 | D72: =B72-C72 -> 1
A73: =EDATE(Assumptions!$B$4,9) -> 46204 | B73: =COUNTIFS(Employee_Data!$G$2:$G$321,">="&$A73,Employee_Data!$G$2:$G$321,"<"&EDATE($A73,1)) -> 8 | C73: =COUNTIFS(Employee_Data!$H$2:$H$321,">="&$A73,Employee_Data!$H$2:$H$321,"<"&EDATE($A73,1)) -> 6 | D73: =B73-C73 -> 2
A74: =EDATE(Assumptions!$B$4,10) -> 46235 | B74: =COUNTIFS(Employee_Data!$G$2:$G$321,">="&$A74,Employee_Data!$G$2:$G$321,"<"&EDATE($A74,1)) -> 1 | C74: =COUNTIFS(Employee_Data!$H$2:$H$321,">="&$A74,Employee_Data!$H$2:$H$321,"<"&EDATE($A74,1)) -> 4 | D74: =B74-C74 -> -3
A75: =EDATE(Assumptions!$B$4,11) -> 46266 | B75: =COUNTIFS(Employee_Data!$G$2:$G$321,">="&$A75,Employee_Data!$G$2:$G$321,"<"&EDATE($A75,1)) -> 1 | C75: =COUNTIFS(Employee_Data!$H$2:$H$321,">="&$A75,Employee_Data!$H$2:$H$321,"<"&EDATE($A75,1)) -> 6 | D75: =B75-C75 -> -5

Sheet Employee_Data
A1: Emp ID | B1: Name | C1: Gender | D1: Department | E1: Job Level | F1: Location | G1: Hire Date | H1: Exit Date | I1: Exit Reason | J1: Age | K1: Annual Salary (INR) | L1: Performance Rating (1-5) | M1: Status | N1: Exit Type | O1: Tenure (yrs) | P1: Age Band | Q1: Tenure Band | R1: Compa-Ratio
A2: E1001 | B2: Anjali Bose | C2: Female | D2: Customer Support | E2: Entry | F2: Bengaluru | G2: 41182 | J2: 27 | K2: 290000 | L2: 5 | M2: =IF(H2="","Active","Exited") -> Active | N2: =IF(H2="","",IF(OR(I2="Performance Termination",I2="Restructuring"),"Involuntary","Voluntary")) | O2: =(IF(H2="",Assumptions!$B$3,H2)-G2)/365.25 -> 13.998631 | P2: =IF(J2<25,"Under 25",IF(J2<35,"25 to 34",IF(J2<45,"35 to 44",IF(J2<55,"45 to 54","55 and above")))) -> 25 to 34 | Q2: =IF(O2<1,"Under 1 yr",IF(O2<3,"1 to 3 yrs",IF(O2<5,"3 to 5 yrs",IF(O2<10,"5 to 10 yrs","10+ yrs")))) -> 10+ yrs | R2: =K2/INDEX(Assumptions!$B$9:$B$13,MATCH(E2,Assumptions!$A$9:$A$13,0)) -> 0.82857143
A3: E1002 | B3: Suman Sharma | C3: Male | D3: Customer Support | E3: Senior | F3: Kolkata | G3: 41182 | J3: 38 | K3: 833000 | L3: 4 | M3: =IF(H3="","Active","Exited") -> Active | N3: =IF(H3="","",IF(OR(I3="Performance Termination",I3="Restructuring"),"Involuntary","Voluntary")) | O3: =(IF(H3="",Assumptions!$B$3,H3)-G3)/365.25 -> 13.998631 | P3: =IF(J3<25,"Under 25",IF(J3<35,"25 to 34",IF(J3<45,"35 to 44",IF(J3<55,"45 to 54","55 and above")))) -> 35 to 44 | Q3: =IF(O3<1,"Under 1 yr",IF(O3<3,"1 to 3 yrs",IF(O3<5,"3 to 5 yrs",IF(O3<10,"5 to 10 yrs","10+ yrs")))) -> 10+ yrs | R3: =K3/INDEX(Assumptions!$B$9:$B$13,MATCH(E3,Assumptions!$A$9:$A$13,0)) -> 0.87684211
A4: E1003 | B4: Meera Iyer | C4: Female | D4: IT | E4: Associate | F4: Kolkata | G4: 41182 | J4: 31 | K4: 685000 | L4: 4 | M4: =IF(H4="","Active","Exited") -> Active | N4: =IF(H4="","",IF(OR(I4="Performance Termination",I4="Restructuring"),"Involuntary","Voluntary")) | O4: =(IF(H4="",Assumptions!$B$3,H4)-G4)/365.25 -> 13.998631 | P4: =IF(J4<25,"Under 25",IF(J4<35,"25 to 34",IF(J4<45,"35 to 44",IF(J4<55,"45 to 54","55 and above")))) -> 25 to 34 | Q4: =IF(O4<1,"Under 1 yr",IF(O4<3,"1 to 3 yrs",IF(O4<5,"3 to 5 yrs",IF(O4<10,"5 to 10 yrs","10+ yrs")))) -> 10+ yrs | R4: =K4/INDEX(Assumptions!$B$9:$B$13,MATCH(E4,Assumptions!$A$9:$A$13,0)) -> 1.2454545
A5: E1004 | B5: Karan Mukherjee | C5: Male | D5: IT | E5: Entry | F5: Delhi NCR | G5: 41182 | J5: 28 | K5: 423000 | L5: 4 | M5: =IF(H5="","Active","Exited") -> Active | N5: =IF(H5="","",IF(OR(I5="Performance Termination",I5="Restructuring"),"Involuntary","Voluntary")) | O5: =(IF(H5="",Assumptions!$B$3,H5)-G5)/365.25 -> 13.998631 | P5: =IF(J5<25,"Under 25",IF(J5<35,"25 to 34",IF(J5<45,"35 to 44",IF(J5<55,"45 to 54","55 and above")))) -> 25 to 34 | Q5: =IF(O5<1,"Under 1 yr",IF(O5<3,"1 to 3 yrs",IF(O5<5,"3 to 5 yrs",IF(O5<10,"5 to 10 yrs","10+ yrs")))) -> 10+ yrs | R5: =K5/INDEX(Assumptions!$B$9:$B$13,MATCH(E5,Assumptions!$A$9:$A$13,0)) -> 1.2085714
A6: E1005 | B6: Pranav Banerjee | C6: Male | D6: IT | E6: Entry | F6: Hyderabad | G6: 41182 | J6: 27 | K6: 419000 | L6: 5 | M6: =IF(H6="","Active","Exited") -> Active | N6: =IF(H6="","",IF(OR(I6="Performance Termination",I6="Restructuring"),"Involuntary","Voluntary")) | O6: =(IF(H6="",Assumptions!$B$3,H6)-G6)/365.25 -> 13.998631 | P6: =IF(J6<25,"Under 25",IF(J6<35,"25 to 34",IF(J6<45,"35 to 44",IF(J6<55,"45 to 54","55 and above")))) -> 25 to 34 | Q6: =IF(O6<1,"Under 1 yr",IF(O6<3,"1 to 3 yrs",IF(O6<5,"3 to 5 yrs",IF(O6<10,"5 to 10 yrs","10+ yrs")))) -> 10+ yrs | R6: =K6/INDEX(Assumptions!$B$9:$B$13,MATCH(E6,Assumptions!$A$9:$A$13,0)) -> 1.1971429
A7: E1006 | B7: Rituparna Verma | C7: Female | D7: Finance | E7: Associate | F7: Hyderabad | G7: 41182 | J7: 33 | K7: 628000 | L7: 2 | M7: =IF(H7="","Active","Exited") -> Active | N7: =IF(H7="","",IF(OR(I7="Performance Termination",I7="Restructuring"),"Involuntary","Voluntary")) | O7: =(IF(H7="",Assumptions!$B$3,H7)-G7)/365.25 -> 13.998631 | P7: =IF(J7<25,"Under 25",IF(J7<35,"25 to 34",IF(J7<45,"35 to 44",IF(J7<55,"45 to 54","55 and above")))) -> 25 to 34 | Q7: =IF(O7<1,"Under 1 yr",IF(O7<3,"1 to 3 yrs",IF(O7<5,"3 to 5 yrs",IF(O7<10,"5 to 10 yrs","10+ yrs")))) -> 10+ yrs | R7: =K7/INDEX(Assumptions!$B$9:$B$13,MATCH(E7,Assumptions!$A$9:$A$13,0)) -> 1.1418182
A8: E1007 | B8: Priya Singh | C8: Female | D8: HR | E8: Entry | F8: Kolkata | G8: 41182 | J8: 26 | K8: 348000 | L8: 1 | M8: =IF(H8="","Active","Exited") -> Active | N8: =IF(H8="","",IF(OR(I8="Performance Termination",I8="Restructuring"),"Involuntary","Voluntary")) | O8: =(IF(H8="",Assumptions!$B$3,H8)-G8)/365.25 -> 13.998631 | P8: =IF(J8<25,"Under 25",IF(J8<35,"25 to 34",IF(J8<45,"35 to 44",IF(J8<55,"45 to 54","55 and above")))) -> 25 to 34 | Q8: =IF(O8<1,"Under 1 yr",IF(O8<3,"1 to 3 yrs",IF(O8<5,"3 to 5 yrs",IF(O8<10,"5 to 10 yrs","10+ yrs")))) -> 10+ yrs | R8: =K8/INDEX(Assumptions!$B$9:$B$13,MATCH(E8,Assumptions!$A$9:$A$13,0)) -> 0.99428571
A9: E1008 | B9: Vivek Patel | C9: Male | D9: Marketing | E9: Senior | F9: Bengaluru | G9: 41182 | J9: 38 | K9: 931000 | L9: 3 | M9: =IF(H9="","Active","Exited") -> Active | N9: =IF(H9="","",IF(OR(I9="Performance Termination",I9="Restructuring"),"Involuntary","Voluntary")) | O9: =(IF(H9="",Assumptions!$B$3,H9)-G9)/365.25 -> 13.998631 | P9: =IF(J9<25,"Under 25",IF(J9<35,"25 to 34",IF(J9<45,"35 to 44",IF(J9<55,"45 to 54","55 and above")))) -> 35 to 44 | Q9: =IF(O9<1,"Under 1 yr",IF(O9<3,"1 to 3 yrs",IF(O9<5,"3 to 5 yrs",IF(O9<10,"5 to 10 yrs","10+ yrs")))) -> 10+ yrs | R9: =K9/INDEX(Assumptions!$B$9:$B$13,MATCH(E9,Assumptions!$A$9:$A$13,0)) -> 0.98
A10: E1009 | B10: Anjali Reddy | C10: Female | D10: Sales | E10: Associate | F10: Hyderabad | G10: 41273 | J10: 29 | K10: 555000 | L10: 3 | M10: =IF(H10="","Active","Exited") -> Active | N10: =IF(H10="","",IF(OR(I10="Performance Termination",I10="Restructuring"),"Involuntary","Voluntary")) | O10: =(IF(H10="",Assumptions!$B$3,H10)-G10)/365.25 -> 13.749487 | P10: =IF(J10<25,"Under 25",IF(J10<35,"25 to 34",IF(J10<45,"35 to 44",IF(J10<55,"45 to 54","55 and above")))) -> 25 to 34 | Q10: =IF(O10<1,"Under 1 yr",IF(O10<3,"1 to 3 yrs",IF(O10<5,"3 to 5 yrs",IF(O10<10,"5 to 10 yrs","10+ yrs")))) -> 10+ yrs | R10: =K10/INDEX(Assumptions!$B$9:$B$13,MATCH(E10,Assumptions!$A$9:$A$13,0)) -> 1.0090909
A11: E1010 | B11: Meera Reddy | C11: Female | D11: HR | E11: Manager | F11: Mumbai | G11: 41524 | J11: 36 | K11: 1736000 | L11: 4 | M11: =IF(H11="","Active","Exited") -> Active | N11: =IF(H11="","",IF(OR(I11="Performance Termination",I11="Restructuring"),"Involuntary","Voluntary")) | O11: =(IF(H11="",Assumptions!$B$3,H11)-G11)/365.25 -> 13.062286 | P11: =IF(J11<25,"Under 25",IF(J11<35,"25 to 34",IF(J11<45,"35 to 44",IF(J11<55,"45 to 54","55 and above")))) -> 35 to 44 | Q11: =IF(O11<1,"Under 1 yr",IF(O11<3,"1 to 3 yrs",IF(O11<5,"3 to 5 yrs",IF(O11<10,"5 to 10 yrs","10+ yrs")))) -> 10+ yrs | R11: =K11/INDEX(Assumptions!$B$9:$B$13,MATCH(E11,Assumptions!$A$9:$A$13,0)) -> 1.0521212
A12: E1011 | B12: Moumita Singh | C12: Female | D12: Finance | E12: Entry | F12: Mumbai | G12: 41588 | J12: 26 | K12: 347000 | L12: 3 | M12: =IF(H12="","Active","Exited") -> Active | N12: =IF(H12="","",IF(OR(I12="Performance Termination",I12="Restructuring"),"Involuntary","Voluntary")) | O12: =(IF(H12="",Assumptions!$B$3,H12)-G12)/365.25 -> 12.887064 | P12: =IF(J12<25,"Under 25",IF(J12<35,"25 to 34",IF(J12<45,"35 to 44",IF(J12<55,"45 to 54","55 and above")))) -> 25 to 34 | Q12: =IF(O12<1,"Under 1 yr",IF(O12<3,"1 to 3 yrs",IF(O12<5,"3 to 5 yrs",IF(O12<10,"5 to 10 yrs","10+ yrs")))) -> 10+ yrs | R12: =K12/INDEX(Assumptions!$B$9:$B$13,MATCH(E12,Assumptions!$A$9:$A$13,0)) -> 0.99142857
A13: E1012 | B13: Abhishek Khan | C13: Male | D13: Operations | E13: Entry | F13: Kolkata | G13: 42028 | J13: 26 | K13: 360000 | L13: 4 | M13: =IF(H13="","Active","Exited") -> Active | N13: =IF(H13="","",IF(OR(I13="Performance Termination",I13="Restructuring"),"Involuntary","Voluntary")) | O13: =(IF(H13="",Assumptions!$B$3,H13)-G13)/365.25 -> 11.682409 | P13: =IF(J13<25,"Under 25",IF(J13<35,"25 to 34",IF(J13<45,"35 to 44",IF(J13<55,"45 to 54","55 and above")))) -> 25 to 34 | Q13: =IF(O13<1,"Under 1 yr",IF(O13<3,"1 to 3 yrs",IF(O13<5,"3 to 5 yrs",IF(O13<10,"5 to 10 yrs","10+ yrs")))) -> 10+ yrs | R13: =K13/INDEX(Assumptions!$B$9:$B$13,MATCH(E13,Assumptions!$A$9:$A$13,0)) -> 1.0285714
... A29: E1028 | B29: Swati Bose | C29: Female | D29: Operations | E29: Associate | F29: Bengaluru | G29: 43328 | J29: 29 | K29: 532000 | L29: 4 | M29: =IF(H29="","Active","Exited") -> Active | N29: =IF(H29="","",IF(OR(I29="Performance Termination",I29="Restructuring"),"Involuntary","Voluntary")) | O29: =(IF(H29="",Assumptions!$B$3,H29)-G29)/365.25 -> 8.1232033 | P29: =IF(J29<25,"Under 25",IF(J29<35,"25 to 34",IF(J29<45,"35 to 44",IF(J29<55,"45 to 54","55 and above")))) -> 25 to 34 | Q29: =IF(O29<1,"Under 1 yr",IF(O29<3,"1 to 3 yrs",IF(O29<5,"3 to 5 yrs",IF(O29<10,"5 to 10 yrs","10+ yrs")))) -> 5 to 10 yrs | R29: =K29/INDEX(Assumptions!$B$9:$B$13,MATCH(E29,Assumptions!$A$9:$A$13,0)) -> 0.96727273
A30: E1029 | B30: Shreya Reddy | C30: Female | D30: IT | E30: Senior | F30: Mumbai | G30: 43358 | H30: 46139 | I30: Better Compensation | J30: 36 | K30: 1077000 | L30: 3 | M30: =IF(H30="","Active","Exited") -> Exited | N30: =IF(H30="","",IF(OR(I30="Performance Termination",I30="Restructuring"),"Involuntary","Voluntary")) -> Voluntary | O30: =(IF(H30="",Assumptions!$B$3,H30)-G30)/365.25 -> 7.613963 | P30: =IF(J30<25,"Under 25",IF(J30<35,"25 to 34",IF(J30<45,"35 to 44",IF(J30<55,"45 to 54","55 and above")))) -> 35 to 44 | Q30: =IF(O30<1,"Under 1 yr",IF(O30<3,"1 to 3 yrs",IF(O30<5,"3 to 5 yrs",IF(O30<10,"5 to 10 yrs","10+ yrs")))) -> 5 to 10 yrs | R30: =K30/INDEX(Assumptions!$B$9:$B$13,MATCH(E30,Assumptions!$A$9:$A$13,0)) -> 1.1336842
A31: E1030 | B31: Sudipta Roy | C31: Female | D31: Sales | E31: Entry | F31: Kolkata | G31: 43373 | J31: 25 | K31: 331000 | L31: 3 | M31: =IF(H31="","Active","Exited") -> Active | N31: =IF(H31="","",IF(OR(I31="Performance Termination",I31="Restructuring"),"Involuntary","Voluntary")) | O31: =(IF(H31="",Assumptions!$B$3,H31)-G31)/365.25 -> 8 | P31: =IF(J31<25,"Under 25",IF(J31<35,"25 to 34",IF(J31<45,"35 to 44",IF(J31<55,"45 to 54","55 and above")))) -> 25 to 34 | Q31: =IF(O31<1,"Under 1 yr",IF(O31<3,"1 to 3 yrs",IF(O31<5,"3 to 5 yrs",IF(O31<10,"5 to 10 yrs","10+ yrs")))) -> 5 to 10 yrs | R31: =K31/INDEX(Assumptions!$B$9:$B$13,MATCH(E31,Assumptions!$A$9:$A$13,0)) -> 0.94571429
A32: E1031 | B32: Manish Singh | C32: Male | D32: Operations | E32: Entry | F32: Kolkata | G32: 43390 | J32: 27 | K32: 366000 | L32: 4 | M32: =IF(H32="","Active","Exited") -> Active | N32: =IF(H32="","",IF(OR(I32="Performance Termination",I32="Restructuring"),"Involuntary","Voluntary")) | O32: =(IF(H32="",Assumptions!$B$3,H32)-G32)/365.25 -> 7.9534565 | P32: =IF(J32<25,"Under 25",IF(J32<35,"25 to 34",IF(J32<45,"35 to 44",IF(J32<55,"45 to 54","55 and above")))) -> 25 to 34 | Q32: =IF(O32<1,"Under 1 yr",IF(O32<3,"1 to 3 yrs",IF(O32<5,"3 to 5 yrs",IF(O32<10,"5 to 10 yrs","10+ yrs")))) -> 5 to 10 yrs | R32: =K32/INDEX(Assumptions!$B$9:$B$13,MATCH(E32,Assumptions!$A$9:$A$13,0)) -> 1.0457143
A33: E1032 | B33: Sudipta Bose | C33: Female | D33: Finance | E33: Associate | F33: Mumbai | G33: 43429 | J33: 29 | K33: 504000 | L33: 3 | M33: =IF(H33="","Active","Exited") -> Active | N33: =IF(H33="","",IF(OR(I33="Performance Termination",I33="Restructuring"),"Involuntary","Voluntary")) | O33: =(IF(H33="",Assumptions!$B$3,H33)-G33)/365.25 -> 7.8466804 | P33: =IF(J33<25,"Under 25",IF(J33<35,"25 to 34",IF(J33<45,"35 to 44",IF(J33<55,"45 to 54","55 and above")))) -> 25 to 34 | Q33: =IF(O33<1,"Under 1 yr",IF(O33<3,"1 to 3 yrs",IF(O33<5,"3 to 5 yrs",IF(O33<10,"5 to 10 yrs","10+ yrs")))) -> 5 to 10 yrs | R33: =K33/INDEX(Assumptions!$B$9:$B$13,MATCH(E33,Assumptions!$A$9:$A$13,0)) -> 0.91636364
A34: E1033 | B34: Ishita Mukherjee | C34: Female | D34: Operations | E34: Entry | F34: Bengaluru | G34: 43446 | J34: 26 | K34: 355000 | L34: 3 | M34: =IF(H34="","Active","Exited") -> Active | N34: =IF(H34="","",IF(OR(I34="Performance Termination",I34="Restructuring"),"Involuntary","Voluntary")) | O34: =(IF(H34="",Assumptions!$B$3,H34)-G34)/365.25 -> 7.8001369 | P34: =IF(J34<25,"Under 25",IF(J34<35,"25 to 34",IF(J34<45,"35 to 44",IF(J34<55,"45 to 54","55 and above")))) -> 25 to 34 | Q34: =IF(O34<1,"Under 1 yr",IF(O34<3,"1 to 3 yrs",IF(O34<5,"3 to 5 yrs",IF(O34<10,"5 to 10 yrs","10+ yrs")))) -> 5 to 10 yrs | R34: =K34/INDEX(Assumptions!$B$9:$B$13,MATCH(E34,Assumptions!$A$9:$A$13,0)) -> 1.0142857
A35: E1034 | B35: Shreya Banerjee | C35: Female | D35: Finance | E35: Senior | F35: Delhi NCR | G35: 43461 | J35: 35 | K35: 855000 | L35: 1 | M35: =IF(H35="","Active","Exited") -> Active | N35: =IF(H35="","",IF(OR(I35="Performance Termination",I35="Restructuring"),"Involuntary","Voluntary")) | O35: =(IF(H35="",Assumptions!$B$3,H35)-G35)/365.25 -> 7.7590691 | P35: =IF(J35<25,"Under 25",IF(J35<35,"25 to 34",IF(J35<45,"35 to 44",IF(J35<55,"45 to 54","55 and above")))) -> 35 to 44 | Q35: =IF(O35<1,"Under 1 yr",IF(O35<3,"1 to 3 yrs",IF(O35<5,"3 to 5 yrs",IF(O35<10,"5 to 10 yrs","10+ yrs")))) -> 5 to 10 yrs | R35: =K35/INDEX(Assumptions!$B$9:$B$13,MATCH(E35,Assumptions!$A$9:$A$13,0)) -> 0.9
A36: E1035 | B36: Kavya Kapoor | C36: Female | D36: Customer Support | E36: Entry | F36: Bengaluru | G36: 43494 | J36: 26 | K36: 325000 | L36: 5 | M36: =IF(H36="","Active","Exited") -> Active | N36: =IF(H36="","",IF(OR(I36="Performance Termination",I36="Restructuring"),"Involuntary","Voluntary")) | O36: =(IF(H36="",Assumptions!$B$3,H36)-G36)/365.25 -> 7.6687201 | P36: =IF(J36<25,"Under 25",IF(J36<35,"25 to 34",IF(J36<45,"35 to 44",IF(J36<55,"45 to 54","55 and above")))) -> 25 to 34 | Q36: =IF(O36<1,"Under 1 yr",IF(O36<3,"1 to 3 yrs",IF(O36<5,"3 to 5 yrs",IF(O36<10,"5 to 10 yrs","10+ yrs")))) -> 5 to 10 yrs | R36: =K36/INDEX(Assumptions!$B$9:$B$13,MATCH(E36,Assumptions!$A$9:$A$13,0)) -> 0.92857143
A37: E1036 | B37: Moumita Joshi | C37: Female | D37: Operations | E37: Entry | F37: Delhi NCR | G37: 43504 | J37: 27 | K37: 366000 | L37: 3 | M37: =IF(H37="","Active","Exited") -> Active | N37: =IF(H37="","",IF(OR(I37="Performance Termination",I37="Restructuring"),"Involuntary","Voluntary")) | O37: =(IF(H37="",Assumptions!$B$3,H37)-G37)/365.25 -> 7.6413415 | P37: =IF(J37<25,"Under 25",IF(J37<35,"25 to 34",IF(J37<45,"35 to 44",IF(J37<55,"45 to 54","55 and above")))) -> 25 to 34 | Q37: =IF(O37<1,"Under 1 yr",IF(O37<3,"1 to 3 yrs",IF(O37<5,"3 to 5 yrs",IF(O37<10,"5 to 10 yrs","10+ yrs")))) -> 5 to 10 yrs | R37: =K37/INDEX(Assumptions!$B$9:$B$13,MATCH(E37,Assumptions!$A$9:$A$13,0)) -> 1.0457143
A38: E1037 | B38: Rahul Mehta | C38: Male | D38: Marketing | E38: Entry | F38: Hyderabad | G38: 43520 | J38: 27 | K38: 332000 | L38: 3 | M38: =IF(H38="","Active","Exited") -> Active | N38: =IF(H38="","",IF(OR(I38="Performance Termination",I38="Restructuring"),"Involuntary","Voluntary")) | O38: =(IF(H38="",Assumptions!$B$3,H38)-G38)/365.25 -> 7.5975359 | P38: =IF(J38<25,"Under 25",IF(J38<35,"25 to 34",IF(J38<45,"35 to 44",IF(J38<55,"45 to 54","55 and above")))) -> 25 to 34 | Q38: =IF(O38<1,"Under 1 yr",IF(O38<3,"1 to 3 yrs",IF(O38<5,"3 to 5 yrs",IF(O38<10,"5 to 10 yrs","10+ yrs")))) -> 5 to 10 yrs | R38: =K38/INDEX(Assumptions!$B$9:$B$13,MATCH(E38,Assumptions!$A$9:$A$13,0)) -> 0.94857143
A39: E1038 | B39: Kavya Nair | C39: Female | D39: Customer Support | E39: Senior | F39: Kolkata | G39: 43565 | J39: 34 | K39: 834000 | L39: 3 | M39: =IF(H39="","Active","Exited") -> Active | N39: =IF(H39="","",IF(OR(I39="Performance Termination",I39="Restructuring"),"Involuntary","Voluntary")) | O39: =(IF(H39="",Assumptions!$B$3,H39)-G39)/365.25 -> 7.4743326 | P39: =IF(J39<25,"Under 25",IF(J39<35,"25 to 34",IF(J39<45,"35 to 44",IF(J39<55,"45 to 54","55 and above")))) -> 25 to 34 | Q39: =IF(O39<1,"Under 1 yr",IF(O39<3,"1 to 3 yrs",IF(O39<5,"3 to 5 yrs",IF(O39<10,"5 to 10 yrs","10+ yrs")))) -> 5 to 10 yrs | R39: =K39/INDEX(Assumptions!$B$9:$B$13,MATCH(E39,Assumptions!$A$9:$A$13,0)) -> 0.87789474
A40: E1039 | B40: Meera Patel | C40: Female | D40: HR | E40: Manager | F40: Kolkata | G40: 43576 | J40: 40 | K40: 1430000 | L40: 4 | M40: =IF(H40="","Active","Exited") -> Active | N40: =IF(H40="","",IF(OR(I40="Performance Termination",I40="Restructuring"),"Involuntary","Voluntary")) | O40: =(IF(H40="",Assumptions!$B$3,H40)-G40)/365.25 -> 7.4442163 | P40: =IF(J40<25,"Under 25",IF(J40<35,"25 to 34",IF(J40<45,"35 to 44",IF(J40<55,"45 to 54","55 and above")))) -> 35 to 44 | Q40: =IF(O40<1,"Under 1 yr",IF(O40<3,"1 to 3 yrs",IF(O40<5,"3 to 5 yrs",IF(O40<10,"5 to 10 yrs","10+ yrs")))) -> 5 to 10 yrs | R40: =K40/INDEX(Assumptions!$B$9:$B$13,MATCH(E40,Assumptions!$A$9:$A$13,0)) -> 0.86666667
A41: E1040 | B41: Aditi Verma | C41: Female | D41: Marketing | E41: Director | F41: Kolkata | G41: 43578 | J41: 43 | K41: 2899000 | L41: 4 | M41: =IF(H41="","Active","Exited") -> Active | N41: =IF(H41="","",IF(OR(I41="Performance Termination",I41="Restructuring"),"Involuntary","Voluntary")) | O41: =(IF(H41="",Assumptions!$B$3,H41)-G41)/365.25 -> 7.4387406 | P41: =IF(J41<25,"Under 25",IF(J41<35,"25 to 34",IF(J41<45,"35 to 44",IF(J41<55,"45 to 54","55 and above")))) -> 35 to 44 | Q41: =IF(O41<1,"Under 1 yr",IF(O41<3,"1 to 3 yrs",IF(O41<5,"3 to 5 yrs",IF(O41<10,"5 to 10 yrs","10+ yrs")))) -> 5 to 10 yrs | R41: =K41/INDEX(Assumptions!$B$9:$B$13,MATCH(E41,Assumptions!$A$9:$A$13,0)) -> 0.96633333
A42: E1041 | B42: Deepak Reddy | C42: Male | D42: IT | E42: Associate | F42: Kolkata | G42: 43582 | J42: 30 | K42: 681000 | L42: 2 | M42: =IF(H42="","Active","Exited") -> Active | N42: =IF(H42="","",IF(OR(I42="Performance Termination",I42="Restructuring"),"Involuntary","Voluntary")) | O42: =(IF(H42="",Assumptions!$B$3,H42)-G42)/365.25 -> 7.4277892 | P42: =IF(J42<25,"Under 25",IF(J42<35,"25 to 34",IF(J42<45,"35 to 44",IF(J42<55,"45 to 54","55 and above")))) -> 25 to 34 | Q42: =IF(O42<1,"Under 1 yr",IF(O42<3,"1 to 3 yrs",IF(O42<5,"3 to 5 yrs",IF(O42<10,"5 to 10 yrs","10+ yrs")))) -> 5 to 10 yrs | R42: =K42/INDEX(Assumptions!$B$9:$B$13,MATCH(E42,Assumptions!$A$9:$A$13,0)) -> 1.2381818
A43: E1042 | B43: Amit Saha | C43: Male | D43: Finance | E43: Senior | F43: Hyderabad | G43: 43603 | J43: 31 | K43: 1059000 | L43: 3 | M43: =IF(H43="","Active","Exited") -> Active | N43: =IF(H43="","",IF(OR(I43="Performance Termination",I43="Restructuring"),"Involuntary","Voluntary")) | O43: =(IF(H43="",Assumptions!$B$3,H43)-G43)/365.25 -> 7.3702943 | P43: =IF(J43<25,"Under 25",IF(J43<35,"25 to 34",IF(J43<45,"35 to 44",IF(J43<55,"45 to 54","55 and above")))) -> 25 to 34 | Q43: =IF(O43<1,"Under 1 yr",IF(O43<3,"1 to 3 yrs",IF(O43<5,"3 to 5 yrs",IF(O43<10,"5 to 10 yrs","10+ yrs")))) -> 5 to 10 yrs | R43: =K43/INDEX(Assumptions!$B$9:$B$13,MATCH(E43,Assumptions!$A$9:$A$13,0)) -> 1.1147368
A44: E1043 | B44: Debjani Gupta | C44: Female | D44: Customer Support | E44: Senior | F44: Kolkata | G44: 43615 | H44: 46185 | I44: Work-Life Balance | J44: 37 | K44: 872000 | L44: 4 | M44: =IF(H44="","Active","Exited") -> Exited | N44: =IF(H44="","",IF(OR(I44="Performance Termination",I44="Restructuring"),"Involuntary","Voluntary")) -> Voluntary | O44: =(IF(H44="",Assumptions!$B$3,H44)-G44)/365.25 -> 7.0362765 | P44: =IF(J44<25,"Under 25",IF(J44<35,"25 to 34",IF(J44<45,"35 to 44",IF(J44<55,"45 to 54","55 and above")))) -> 35 to 44 | Q44: =IF(O44<1,"Under 1 yr",IF(O44<3,"1 to 3 yrs",IF(O44<5,"3 to 5 yrs",IF(O44<10,"5 to 10 yrs","10+ yrs")))) -> 5 to 10 yrs | R44: =K44/INDEX(Assumptions!$B$9:$B$13,MATCH(E44,Assumptions!$A$9:$A$13,0)) -> 0.91789474
A45: E1044 | B45: Vikram Patel | C45: Male | D45: Marketing | E45: Senior | F45: Bengaluru | G45: 43615 | J45: 35 | K45: 876000 | L45: 3 | M45: =IF(H45="","Active","Exited") -> Active | N45: =IF(H45="","",IF(OR(I45="Performance Termination",I45="Restructuring"),"Involuntary","Voluntary")) | O45: =(IF(H45="",Assumptions!$B$3,H45)-G45)/365.25 -> 7.3374401 | P45: =IF(J45<25,"Under 25",IF(J45<35,"25 to 34",IF(J45<45,"35 to 44",IF(J45<55,"45 to 54","55 and above")))) -> 35 to 44 | Q45: =IF(O45<1,"Under 1 yr",IF(O45<3,"1 to 3 yrs",IF(O45<5,"3 to 5 yrs",IF(O45<10,"5 to 10 yrs","10+ yrs")))) -> 5 to 10 yrs | R45: =K45/INDEX(Assumptions!$B$9:$B$13,MATCH(E45,Assumptions!$A$9:$A$13,0)) -> 0.92210526
A46: E1045 | B46: Anjali Reddy | C46: Female | D46: Customer Support | E46: Entry | F46: Bengaluru | G46: 43634 | H46: 46095 | I46: Work-Life Balance | J46: 26 | K46: 253000 | L46: 3 | M46: =IF(H46="","Active","Exited") -> Exited | N46: =IF(H46="","",IF(OR(I46="Performance Termination",I46="Restructuring"),"Involuntary","Voluntary")) -> Voluntary | O46: =(IF(H46="",Assumptions!$B$3,H46)-G46)/365.25 -> 6.7378508 | P46: =IF(J46<25,"Under 25",IF(J46<35,"25 to 34",IF(J46<45,"35 to 44",IF(J46<55,"45 to 54","55 and above")))) -> 25 to 34 | Q46: =IF(O46<1,"Under 1 yr",IF(O46<3,"1 to 3 yrs",IF(O46<5,"3 to 5 yrs",IF(O46<10,"5 to 10 yrs","10+ yrs")))) -> 5 to 10 yrs | R46: =K46/INDEX(Assumptions!$B$9:$B$13,MATCH(E46,Assumptions!$A$9:$A$13,0)) -> 0.72285714
A47: E1046 | B47: Rohit Khan | C47: Male | D47: Sales | E47: Manager | F47: Kolkata | G47: 43649 | J47: 39 | K47: 1560000 | L47: 4 | M47: =IF(H47="","Active","Exited") -> Active | N47: =IF(H47="","",IF(OR(I47="Performance Termination",I47="Restructuring"),"Involuntary","Voluntary")) | O47: =(IF(H47="",Assumptions!$B$3,H47)-G47)/365.25 -> 7.2443532 | P47: =IF(J47<25,"Under 25",IF(J47<35,"25 to 34",IF(J47<45,"35 to 44",IF(J47<55,"45 to 54","55 and above")))) -> 35 to 44 | Q47: =IF(O47<1,"Under 1 yr",IF(O47<3,"1 to 3 yrs",IF(O47<5,"3 to 5 yrs",IF(O47<10,"5 to 10 yrs","10+ yrs")))) -> 5 to 10 yrs | R47: =K47/INDEX(Assumptions!$B$9:$B$13,MATCH(E47,Assumptions!$A$9:$A$13,0)) -> 0.94545455
A48: E1047 | B48: Rituparna Gupta | C48: Female | D48: Operations | E48: Entry | F48: Bengaluru | G48: 43660 | J48: 25 | K48: 313000 | L48: 3 | M48: =IF(H48="","Active","Exited") -> Active | N48: =IF(H48="","",IF(OR(I48="Performance Termination",I48="Restructuring"),"Involuntary","Voluntary")) | O48: =(IF(H48="",Assumptions!$B$3,H48)-G48)/365.25 -> 7.2142368 | P48: =IF(J48<25,"Under 25",IF(J48<35,"25 to 34",IF(J48<45,"35 to 44",IF(J48<55,"45 to 54","55 and above")))) -> 25 to 34 | Q48: =IF(O48<1,"Under 1 yr",IF(O48<3,"1 to 3 yrs",IF(O48<5,"3 to 5 yrs",IF(O48<10,"5 to 10 yrs","10+ yrs")))) -> 5 to 10 yrs | R48: =K48/INDEX(Assumptions!$B$9:$B$13,MATCH(E48,Assumptions!$A$9:$A$13,0)) -> 0.89428571
A49: E1048 | B49: Sneha Iyer | C49: Female | D49: HR | E49: Associate | F49: Delhi NCR | G49: 43712 | J49: 30 | K49: 517000 | L49: 3 | M49: =IF(H49="","Active","Exited") -> Active | N49: =IF(H49="","",IF(OR(I49="Performance Termination",I49="Restructuring"),"Involuntary","Voluntary")) | O49: =(IF(H49="",Assumptions!$B$3,H49)-G49)/365.25 -> 7.0718686 | P49: =IF(J49<25,"Under 25",IF(J49<35,"25 to 34",IF(J49<45,"35 to 44",IF(J49<55,"45 to 54","55 and above")))) -> 25 to 34 | Q49: =IF(O49<1,"Under 1 yr",IF(O49<3,"1 to 3 yrs",IF(O49<5,"3 to 5 yrs",IF(O49<10,"5 to 10 yrs","10+ yrs")))) -> 5 to 10 yrs | R49: =K49/INDEX(Assumptions!$B$9:$B$13,MATCH(E49,Assumptions!$A$9:$A$13,0)) -> 0.94
A50: E1049 | B50: Abhishek Roy | C50: Male | D50: IT | E50: Associate | F50: Kolkata | G50: 43718 | J50: 29 | K50: 651000 | L50: 4 | M50: =IF(H50="","Active","Exited") -> Active | N50: =IF(H50="","",IF(OR(I50="Performance Termination",I50="Restructuring"),"Involuntary","Voluntary")) | O50: =(IF(H50="",Assumptions!$B$3,H50)-G50)/365.25 -> 7.0554415 | P50: =IF(J50<25,"Under 25",IF(J50<35,"25 to 34",IF(J50<45,"35 to 44",IF(J50<55,"45 to 54","55 and above")))) -> 25 to 34 | Q50: =IF(O50<1,"Under 1 yr",IF(O50<3,"1 to 3 yrs",IF(O50<5,"3 to 5 yrs",IF(O50<10,"5 to 10 yrs","10+ yrs")))) -> 5 to 10 yrs | R50: =K50/INDEX(Assumptions!$B$9:$B$13,MATCH(E50,Assumptions!$A$9:$A$13,0)) -> 1.1836364
A51: E1050 | B51: Isha Sen | C51: Female | D51: Marketing | E51: Manager | F51: Delhi NCR | G51: 43752 | H51: 46223 | I51: Work-Life Balance | J51: 41 | K51: 1687000 | L51: 2 | M51: =IF(H51="","Active","Exited") -> Exited | N51: =IF(H51="","",IF(OR(I51="Performance Termination",I51="Restructuring"),"Involuntary","Voluntary")) -> Voluntary | O51: =(IF(H51="",Assumptions!$B$3,H51)-G51)/365.25 -> 6.7652293 | P51: =IF(J51<25,"Under 25",IF(J51<35,"25 to 34",IF(J51<45,"35 to 44",IF(J51<55,"45 to 54","55 and above")))) -> 35 to 44 | Q51: =IF(O51<1,"Under 1 yr",IF(O51<3,"1 to 3 yrs",IF(O51<5,"3 to 5 yrs",IF(O51<10,"5 to 10 yrs","10+ yrs")))) -> 5 to 10 yrs | R51: =K51/INDEX(Assumptions!$B$9:$B$13,MATCH(E51,Assumptions!$A$9:$A$13,0)) -> 1.0224242
A52: E1051 | B52: Aditi Verma | C52: Female | D52: Sales | E52: Associate | F52: Bengaluru | G52: 43753 | H52: 46246 | I52: Performance Termination | J52: 30 | K52: 519000 | L52: 1 | M52: =IF(H52="","Active","Exited") -> Exited | N52: =IF(H52="","",IF(OR(I52="Performance Termination",I52="Restructuring"),"Involuntary","Voluntary")) -> Involuntary | O52: =(IF(H52="",Assumptions!$B$3,H52)-G52)/365.25 -> 6.825462 | P52: =IF(J52<25,"Under 25",IF(J52<35,"25 to 34",IF(J52<45,"35 to 44",IF(J52<55,"45 to 54","55 and above")))) -> 25 to 34 | Q52: =IF(O52<1,"Under 1 yr",IF(O52<3,"1 to 3 yrs",IF(O52<5,"3 to 5 yrs",IF(O52<10,"5 to 10 yrs","10+ yrs")))) -> 5 to 10 yrs | R52: =K52/INDEX(Assumptions!$B$9:$B$13,MATCH(E52,Assumptions!$A$9:$A$13,0)) -> 0.94363636
A53: E1052 | B53: Siddharth Das | C53: Male | D53: IT | E53: Director | F53: Hyderabad | G53: 43761 | J53: 42 | K53: 3348000 | L53: 4 | M53: =IF(H53="","Active","Exited") -> Active | N53: =IF(H53="","",IF(OR(I53="Performance Termination",I53="Restructuring"),"Involuntary","Voluntary")) | O53: =(IF(H53="",Assumptions!$B$3,H53)-G53)/365.25 -> 6.9377139 | P53: =IF(J53<25,"Under 25",IF(J53<35,"25 to 34",IF(J53<45,"35 to 44",IF(J53<55,"45 to 54","55 and above")))) -> 35 to 44 | Q53: =IF(O53<1,"Under 1 yr",IF(O53<3,"1 to 3 yrs",IF(O53<5,"3 to 5 yrs",IF(O53<10,"5 to 10 yrs","10+ yrs")))) -> 5 to 10 yrs | R53: =K53/INDEX(Assumptions!$B$9:$B$13,MATCH(E53,Assumptions!$A$9:$A$13,0)) -> 1.116
A54: E1053 | B54: Rohit Saha | C54: Male | D54: IT | E54: Entry | F54: Mumbai | G54: 43811 | J54: 26 | K54: 374000 | L54: 5 | M54: =IF(H54="","Active","Exited") -> Active | N54: =IF(H54="","",IF(OR(I54="Performance Termination",I54="Restructuring"),"Involuntary","Voluntary")) | O54: =(IF(H54="",Assumptions!$B$3,H54)-G54)/365.25 -> 6.8008214 | P54: =IF(J54<25,"Under 25",IF(J54<35,"25 to 34",IF(J54<45,"35 to 44",IF(J54<55,"45 to 54","55 and above")))) -> 25 to 34 | Q54: =IF(O54<1,"Under 1 yr",IF(O54<3,"1 to 3 yrs",IF(O54<5,"3 to 5 yrs",IF(O54<10,"5 to 10 yrs","10+ yrs")))) -> 5 to 10 yrs | R54: =K54/INDEX(Assumptions!$B$9:$B$13,MATCH(E54,Assumptions!$A$9:$A$13,0)) -> 1.0685714
A55: E1054 | B55: Sourav Khan | C55: Male | D55: Operations | E55: Associate | F55: Hyderabad | G55: 43864 | J55: 28 | K55: 586000 | L55: 3 | M55: =IF(H55="","Active","Exited") -> Active | N55: =IF(H55="","",IF(OR(I55="Performance Termination",I55="Restructuring"),"Involuntary","Voluntary")) | O55: =(IF(H55="",Assumptions!$B$3,H55)-G55)/365.25 -> 6.6557153 | P55: =IF(J55<25,"Under 25",IF(J55<35,"25 to 34",IF(J55<45,"35 to 44",IF(J55<55,"45 to 54","55 and above")))) -> 25 to 34 | Q55: =IF(O55<1,"Under 1 yr",IF(O55<3,"1 to 3 yrs",IF(O55<5,"3 to 5 yrs",IF(O55<10,"5 to 10 yrs","10+ yrs")))) -> 5 to 10 yrs | R55: =K55/INDEX(Assumptions!$B$9:$B$13,MATCH(E55,Assumptions!$A$9:$A$13,0)) -> 1.0654545
A56: E1055 | B56: Soham Sharma | C56: Male | D56: Sales | E56: Entry | F56: Bengaluru | G56: 43885 | J56: 25 | K56: 343000 | L56: 3 | M56: =IF(H56="","Active","Exited") -> Active | N56: =IF(H56="","",IF(OR(I56="Performance Termination",I56="Restructuring"),"Involuntary","Voluntary")) | O56: =(IF(H56="",Assumptions!$B$3,H56)-G56)/365.25 -> 6.5982204 | P56: =IF(J56<25,"Under 25",IF(J56<35,"25 to 34",IF(J56<45,"35 to 44",IF(J56<55,"45 to 54","55 and above")))) -> 25 to 34 | Q56: =IF(O56<1,"Under 1 yr",IF(O56<3,"1 to 3 yrs",IF(O56<5,"3 to 5 yrs",IF(O56<10,"5 to 10 yrs","10+ yrs")))) -> 5 to 10 yrs | R56: =K56/INDEX(Assumptions!$B$9:$B$13,MATCH(E56,Assumptions!$A$9:$A$13,0)) -> 0.98
A57: E1056 | B57: Vivek Khan | C57: Male | D57: Sales | E57: Director | F57: Hyderabad | G57: 43916 | J57: 42 | K57: 2841000 | L57: 3 | M57: =IF(H57="","Active","Exited") -> Active | N57: =IF(H57="","",IF(OR(I57="Performance Termination",I57="Restructuring"),"Involuntary","Voluntary")) | O57: =(IF(H57="",Assumptions!$B$3,H57)-G57)/365.25 -> 6.513347 | P57: =IF(J57<25,"Under 25",IF(J57<35,"25 to 34",IF(J57<45,"35 to 44",IF(J57<55,"45 to 54","55 and above")))) -> 35 to 44 | Q57: =IF(O57<1,"Under 1 yr",IF(O57<3,"1 to 3 yrs",IF(O57<5,"3 to 5 yrs",IF(O57<10,"5 to 10 yrs","10+ yrs")))) -> 5 to 10 yrs | R57: =K57/INDEX(Assumptions!$B$9:$B$13,MATCH(E57,Assumptions!$A$9:$A$13,0)) -> 0.947
A58: E1057 | B58: Sudipta Bose | C58: Female | D58: Operations | E58: Associate | F58: Hyderabad | G58: 43988 | J58: 32 | K58: 528000 | L58: 3 | M58: =IF(H58="","Active","Exited") -> Active | N58: =IF(H58="","",IF(OR(I58="Performance Termination",I58="Restructuring"),"Involuntary","Voluntary")) | O58: =(IF(H58="",Assumptions!$B$3,H58)-G58)/365.25 -> 6.3162218 | P58: =IF(J58<25,"Under 25",IF(J58<35,"25 to 34",IF(J58<45,"35 to 44",IF(J58<55,"45 to 54","55 and above")))) -> 25 to 34 | Q58: =IF(O58<1,"Under 1 yr",IF(O58<3,"1 to 3 yrs",IF(O58<5,"3 to 5 yrs",IF(O58<10,"5 to 10 yrs","10+ yrs")))) -> 5 to 10 yrs | R58: =K58/INDEX(Assumptions!$B$9:$B$13,MATCH(E58,Assumptions!$A$9:$A$13,0)) -> 0.96
A59: E1058 | B59: Shreya Bose | C59: Female | D59: Customer Support | E59: Entry | F59: Bengaluru | G59: 44043 | J59: 26 | K59: 310000 | L59: 3 | M59: =IF(H59="","Active","Exited") -> Active | N59: =IF(H59="","",IF(OR(I59="Performance Termination",I59="Restructuring"),"Involuntary","Voluntary")) | O59: =(IF(H59="",Assumptions!$B$3,H59)-G59)/365.25 -> 6.16564 | P59: =IF(J59<25,"Under 25",IF(J59<35,"25 to 34",IF(J59<45,"35 to 44",IF(J59<55,"45 to 54","55 and above")))) -> 25 to 34 | Q59: =IF(O59<1,"Under 1 yr",IF(O59<3,"1 to 3 yrs",IF(O59<5,"3 to 5 yrs",IF(O59<10,"5 to 10 yrs","10+ yrs")))) -> 5 to 10 yrs | R59: =K59/INDEX(Assumptions!$B$9:$B$13,MATCH(E59,Assumptions!$A$9:$A$13,0)) -> 0.88571429
A60: E1059 | B60: Moumita Mehta | C60: Female | D60: Sales | E60: Entry | F60: Kolkata | G60: 44074 | H60: 46189 | I60: Career Growth | J60: 25 | K60: 333000 | L60: 4 | M60: =IF(H60="","Active","Exited") -> Exited | N60: =IF(H60="","",IF(OR(I60="Performance Termination",I60="Restructuring"),"Involuntary","Voluntary")) -> Voluntary | O60: =(IF(H60="",Assumptions!$B$3,H60)-G60)/365.25 -> 5.7905544 | P60: =IF(J60<25,"Under 25",IF(J60<35,"25 to 34",IF(J60<45,"35 to 44",IF(J60<55,"45 to 54","55 and above")))) -> 25 to 34 | Q60: =IF(O60<1,"Under 1 yr",IF(O60<3,"1 to 3 yrs",IF(O60<5,"3 to 5 yrs",IF(O60<10,"5 to 10 yrs","10+ yrs")))) -> 5 to 10 yrs | R60: =K60/INDEX(Assumptions!$B$9:$B$13,MATCH(E60,Assumptions!$A$9:$A$13,0)) -> 0.95142857
A61: E1060 | B61: Ananya Banerjee | C61: Female | D61: HR | E61: Associate | F61: Kolkata | G61: 44090 | J61: 27 | K61: 528000 | L61: 4 | M61: =IF(H61="","Active","Exited") -> Active | N61: =IF(H61="","",IF(OR(I61="Performance Termination",I61="Restructuring"),"Involuntary","Voluntary")) | O61: =(IF(H61="",Assumptions!$B$3,H61)-G61)/365.25 -> 6.036961 | P61: =IF(J61<25,"Under 25",IF(J61<35,"25 to 34",IF(J61<45,"35 to 44",IF(J61<55,"45 to 54","55 and above")))) -> 25 to 34 | Q61: =IF(O61<1,"Under 1 yr",IF(O61<3,"1 to 3 yrs",IF(O61<5,"3 to 5 yrs",IF(O61<10,"5 to 10 yrs","10+ yrs")))) -> 5 to 10 yrs | R61: =K61/INDEX(Assumptions!$B$9:$B$13,MATCH(E61,Assumptions!$A$9:$A$13,0)) -> 0.96
A62: E1061 | B62: Rituparna Kapoor | C62: Female | D62: HR | E62: Manager | F62: Bengaluru | G62: 44091 | J62: 40 | K62: 1603000 | L62: 3 | M62: =IF(H62="","Active","Exited") -> Active | N62: =IF(H62="","",IF(OR(I62="Performance Termination",I62="Restructuring"),"Involuntary","Voluntary")) | O62: =(IF(H62="",Assumptions!$B$3,H62)-G62)/365.25 -> 6.0342231 | P62: =IF(J62<25,"Under 25",IF(J62<35,"25 to 34",IF(J62<45,"35 to 44",IF(J62<55,"45 to 54","55 and above")))) -> 35 to 44 | Q62: =IF(O62<1,"Under 1 yr",IF(O62<3,"1 to 3 yrs",IF(O62<5,"3 to 5 yrs",IF(O62<10,"5 to 10 yrs","10+ yrs")))) -> 5 to 10 yrs | R62: =K62/INDEX(Assumptions!$B$9:$B$13,MATCH(E62,Assumptions!$A$9:$A$13,0)) -> 0.97151515
A63: E1062 | B63: Sneha Reddy | C63: Female | D63: Customer Support | E63: Associate | F63: Kolkata | G63: 44104 | H63: 45967 | I63: Manager Relationship | J63: 28 | K63: 484000 | L63: 3 | M63: =IF(H63="","Active","Exited") -> Exited | N63: =IF(H63="","",IF(OR(I63="Performance Termination",I63="Restructuring"),"Involuntary","Voluntary")) -> Voluntary | O63: =(IF(H63="",Assumptions!$B$3,H63)-G63)/365.25 -> 5.100616 | P63: =IF(J63<25,"Under 25",IF(J63<35,"25 to 34",IF(J63<45,"35 to 44",IF(J63<55,"45 to 54","55 and above")))) -> 25 to 34 | Q63: =IF(O63<1,"Under 1 yr",IF(O63<3,"1 to 3 yrs",IF(O63<5,"3 to 5 yrs",IF(O63<10,"5 to 10 yrs","10+ yrs")))) -> 5 to 10 yrs | R63: =K63/INDEX(Assumptions!$B$9:$B$13,MATCH(E63,Assumptions!$A$9:$A$13,0)) -> 0.88
A64: E1063 | B64: Meera Kapoor | C64: Female | D64: Customer Support | E64: Director | F64: Mumbai | G64: 44159 | H64: 45987 | I64: Restructuring | J64: 46 | K64: 2145000 | L64: 1 | M64: =IF(H64="","Active","Exited") -> Exited | N64: =IF(H64="","",IF(OR(I64="Performance Termination",I64="Restructuring"),"Involuntary","Voluntary")) -> Involuntary | O64: =(IF(H64="",Assumptions!$B$3,H64)-G64)/365.25 -> 5.0047912 | P64: =IF(J64<25,"Under 25",IF(J64<35,"25 to 34",IF(J64<45,"35 to 44",IF(J64<55,"45 to 54","55 and above")))) -> 45 to 54 | Q64: =IF(O64<1,"Under 1 yr",IF(O64<3,"1 to 3 yrs",IF(O64<5,"3 to 5 yrs",IF(O64<10,"5 to 10 yrs","10+ yrs")))) -> 5 to 10 yrs | R64: =K64/INDEX(Assumptions!$B$9:$B$13,MATCH(E64,Assumptions!$A$9:$A$13,0)) -> 0.715
A65: E1064 | B65: Swati Chatterjee | C65: Female | D65: HR | E65: Senior | F65: Bengaluru | G65: 44171 | J65: 31 | K65: 1025000 | L65: 3 | M65: =IF(H65="","Active","Exited") -> Active | N65: =IF(H65="","",IF(OR(I65="Performance Termination",I65="Restructuring"),"Involuntary","Voluntary")) | O65: =(IF(H65="",Assumptions!$B$3,H65)-G65)/365.25 -> 5.8151951 | P65: =IF(J65<25,"Under 25",IF(J65<35,"25 to 34",IF(J65<45,"35 to 44",IF(J65<55,"45 to 54","55 and above")))) -> 25 to 34 | Q65: =IF(O65<1,"Under 1 yr",IF(O65<3,"1 to 3 yrs",IF(O65<5,"3 to 5 yrs",IF(O65<10,"5 to 10 yrs","10+ yrs")))) -> 5 to 10 yrs | R65: =K65/INDEX(Assumptions!$B$9:$B$13,MATCH(E65,Assumptions!$A$9:$A$13,0)) -> 1.0789474
A66: E1065 | B66: Amit Bose | C66: Male | D66: Customer Support | E66: Associate | F66: Kolkata | G66: 44181 | H66: 46012 | I66: Better Compensation | J66: 27 | K66: 355000 | L66: 3 | M66: =IF(H66="","Active","Exited") -> Exited | N66: =IF(H66="","",IF(OR(I66="Performance Termination",I66="Restructuring"),"Involuntary","Voluntary")) -> Voluntary | O66: =(IF(H66="",Assumptions!$B$3,H66)-G66)/365.25 -> 5.0130048 | P66: =IF(J66<25,"Under 25",IF(J66<35,"25 to 34",IF(J66<45,"35 to 44",IF(J66<55,"45 to 54","55 and above")))) -> 25 to 34 | Q66: =IF(O66<1,"Under 1 yr",IF(O66<3,"1 to 3 yrs",IF(O66<5,"3 to 5 yrs",IF(O66<10,"5 to 10 yrs","10+ yrs")))) -> 5 to 10 yrs | R66: =K66/INDEX(Assumptions!$B$9:$B$13,MATCH(E66,Assumptions!$A$9:$A$13,0)) -> 0.64545455
A67: E1066 | B67: Priya Patel | C67: Female | D67: Operations | E67: Senior | F67: Mumbai | G67: 44235 | J67: 34 | K67: 978000 | L67: 3 | M67: =IF(H67="","Active","Exited") -> Active | N67: =IF(H67="","",IF(OR(I67="Performance Termination",I67="Restructuring"),"Involuntary","Voluntary")) | O67: =(IF(H67="",Assumptions!$B$3,H67)-G67)/365.25 -> 5.6399726 | P67: =IF(J67<25,"Under 25",IF(J67<35,"25 to 34",IF(J67<45,"35 to 44",IF(J67<55,"45 to 54","55 and above")))) -> 25 to 34 | Q67: =IF(O67<1,"Under 1 yr",IF(O67<3,"1 to 3 yrs",IF(O67<5,"3 to 5 yrs",IF(O67<10,"5 to 10 yrs","10+ yrs")))) -> 5 to 10 yrs | R67: =K67/INDEX(Assumptions!$B$9:$B$13,MATCH(E67,Assumptions!$A$9:$A$13,0)) -> 1.0294737
A68: E1067 | B68: Ananya Sen | C68: Female | D68: Sales | E68: Associate | F68: Kolkata | G68: 44256 | J68: 30 | K68: 521000 | L68: 3 | M68: =IF(H68="","Active","Exited") -> Active | N68: =IF(H68="","",IF(OR(I68="Performance Termination",I68="Restructuring"),"Involuntary","Voluntary")) | O68: =(IF(H68="",Assumptions!$B$3,H68)-G68)/365.25 -> 5.5824778 | P68: =IF(J68<25,"Under 25",IF(J68<35,"25 to 34",IF(J68<45,"35 to 44",IF(J68<55,"45 to 54","55 and above")))) -> 25 to 34 | Q68: =IF(O68<1,"Under 1 yr",IF(O68<3,"1 to 3 yrs",IF(O68<5,"3 to 5 yrs",IF(O68<10,"5 to 10 yrs","10+ yrs")))) -> 5 to 10 yrs | R68: =K68/INDEX(Assumptions!$B$9:$B$13,MATCH(E68,Assumptions!$A$9:$A$13,0)) -> 0.94727273
A69: E1068 | B69: Aniket Iyer | C69: Male | D69: Sales | E69: Director | F69: Kolkata | G69: 44267 | H69: 46247 | I69: Career Growth | J69: 49 | K69: 2538000 | L69: 3 | M69: =IF(H69="","Active","Exited") -> Exited | N69: =IF(H69="","",IF(OR(I69="Performance Termination",I69="Restructuring"),"Involuntary","Voluntary")) -> Voluntary | O69: =(IF(H69="",Assumptions!$B$3,H69)-G69)/365.25 -> 5.4209446 | P69: =IF(J69<25,"Under 25",IF(J69<35,"25 to 34",IF(J69<45,"35 to 44",IF(J69<55,"45 to 54","55 and above")))) -> 45 to 54 | Q69: =IF(O69<1,"Under 1 yr",IF(O69<3,"1 to 3 yrs",IF(O69<5,"3 to 5 yrs",IF(O69<10,"5 to 10 yrs","10+ yrs")))) -> 5 to 10 yrs | R69: =K69/INDEX(Assumptions!$B$9:$B$13,MATCH(E69,Assumptions!$A$9:$A$13,0)) -> 0.846
A70: E1069 | B70: Vikram Gupta | C70: Male | D70: Sales | E70: Entry | F70: Kolkata | G70: 44268 | J70: 24 | K70: 334000 | L70: 4 | M70: =IF(H70="","Active","Exited") -> Active | N70: =IF(H70="","",IF(OR(I70="Performance Termination",I70="Restructuring"),"Involuntary","Voluntary")) | O70: =(IF(H70="",Assumptions!$B$3,H70)-G70)/365.25 -> 5.5496235 | P70: =IF(J70<25,"Under 25",IF(J70<35,"25 to 34",IF(J70<45,"35 to 44",IF(J70<55,"45 to 54","55 and above")))) -> Under 25 | Q70: =IF(O70<1,"Under 1 yr",IF(O70<3,"1 to 3 yrs",IF(O70<5,"3 to 5 yrs",IF(O70<10,"5 to 10 yrs","10+ yrs")))) -> 5 to 10 yrs | R70: =K70/INDEX(Assumptions!$B$9:$B$13,MATCH(E70,Assumptions!$A$9:$A$13,0)) -> 0.95428571
A71: E1070 | B71: Rahul Banerjee | C71: Male | D71: Finance | E71: Associate | F71: Kolkata | G71: 44282 | J71: 30 | K71: 523000 | L71: 2 | M71: =IF(H71="","Active","Exited") -> Active | N71: =IF(H71="","",IF(OR(I71="Performance Termination",I71="Restructuring"),"Involuntary","Voluntary")) | O71: =(IF(H71="",Assumptions!$B$3,H71)-G71)/365.25 -> 5.5112936 | P71: =IF(J71<25,"Under 25",IF(J71<35,"25 to 34",IF(J71<45,"35 to 44",IF(J71<55,"45 to 54","55 and above")))) -> 25 to 34 | Q71: =IF(O71<1,"Under 1 yr",IF(O71<3,"1 to 3 yrs",IF(O71<5,"3 to 5 yrs",IF(O71<10,"5 to 10 yrs","10+ yrs")))) -> 5 to 10 yrs | R71: =K71/INDEX(Assumptions!$B$9:$B$13,MATCH(E71,Assumptions!$A$9:$A$13,0)) -> 0.95090909
A72: E1071 | B72: Sourav Nair | C72: Male | D72: IT | E72: Director | F72: Kolkata | G72: 44287 | J72: 45 | K72: 3389000 | L72: 3 | M72: =IF(H72="","Active","Exited") -> Active | N72: =IF(H72="","",IF(OR(I72="Performance Termination",I72="Restructuring"),"Involuntary","Voluntary")) | O72: =(IF(H72="",Assumptions!$B$3,H72)-G72)/365.25 -> 5.4976044 | P72: =IF(J72<25,"Under 25",IF(J72<35,"25 to 34",IF(J72<45,"35 to 44",IF(J72<55,"45 to 54","55 and above")))) -> 45 to 54 | Q72: =IF(O72<1,"Under 1 yr",IF(O72<3,"1 to 3 yrs",IF(O72<5,"3 to 5 yrs",IF(O72<10,"5 to 10 yrs","10+ yrs")))) -> 5 to 10 yrs | R72: =K72/INDEX(Assumptions!$B$9:$B$13,MATCH(E72,Assumptions!$A$9:$A$13,0)) -> 1.1296667
A73: E1072 | B73: Abhishek Kapoor | C73: Male | D73: IT | E73: Senior | F73: Mumbai | G73: 44291 | J73: 32 | K73: 1241000 | L73: 3 | M73: =IF(H73="","Active","Exited") -> Active | N73: =IF(H73="","",IF(OR(I73="Performance Termination",I73="Restructuring"),"Involuntary","Voluntary")) | O73: =(IF(H73="",Assumptions!$B$3,H73)-G73)/365.25 -> 5.486653 | P73: =IF(J73<25,"Under 25",IF(J73<35,"25 to 34",IF(J73<45,"35 to 44",IF(J73<55,"45 to 54","55 and above")))) -> 25 to 34 | Q73: =IF(O73<1,"Under 1 yr",IF(O73<3,"1 to 3 yrs",IF(O73<5,"3 to 5 yrs",IF(O73<10,"5 to 10 yrs","10+ yrs")))) -> 5 to 10 yrs | R73: =K73/INDEX(Assumptions!$B$9:$B$13,MATCH(E73,Assumptions!$A$9:$A$13,0)) -> 1.3063158
A74: E1073 | B74: Pooja Sen | C74: Female | D74: Finance | E74: Entry | F74: Bengaluru | G74: 44362 | J74: 26 | K74: 406000 | L74: 3 | M74: =IF(H74="","Active","Exited") -> Active | N74: =IF(H74="","",IF(OR(I74="Performance Termination",I74="Restructuring"),"Involuntary","Voluntary")) | O74: =(IF(H74="",Assumptions!$B$3,H74)-G74)/365.25 -> 5.2922656 | P74: =IF(J74<25,"Under 25",IF(J74<35,"25 to 34",IF(J74<45,"35 to 44",IF(J74<55,"45 to 54","55 and above")))) -> 25 to 34 | Q74: =IF(O74<1,"Under 1 yr",IF(O74<3,"1 to 3 yrs",IF(O74<5,"3 to 5 yrs",IF(O74<10,"5 to 10 yrs","10+ yrs")))) -> 5 to 10 yrs | R74: =K74/INDEX(Assumptions!$B$9:$B$13,MATCH(E74,Assumptions!$A$9:$A$13,0)) -> 1.16
A75: E1074 | B75: Suman Joshi | C75: Male | D75: Operations | E75: Entry | F75: Mumbai | G75: 44367 | J75: 25 | K75: 311000 | L75: 5 | M75: =IF(H75="","Active","Exited") -> Active | N75: =IF(H75="","",IF(OR(I75="Performance Termination",I75="Restructuring"),"Involuntary","Voluntary")) | O75: =(IF(H75="",Assumptions!$B$3,H75)-G75)/365.25 -> 5.2785763 | P75: =IF(J75<25,"Under 25",IF(J75<35,"25 to 34",IF(J75<45,"35 to 44",IF(J75<55,"45 to 54","55 and above")))) -> 25 to 34 | Q75: =IF(O75<1,"Under 1 yr",IF(O75<3,"1 to 3 yrs",IF(O75<5,"3 to 5 yrs",IF(O75<10,"5 to 10 yrs","10+ yrs")))) -> 5 to 10 yrs | R75: =K75/INDEX(Assumptions!$B$9:$B$13,MATCH(E75,Assumptions!$A$9:$A$13,0)) -> 0.88857143
A76: E1075 | B76: Siddharth Dutta | C76: Male | D76: Operations | E76: Associate | F76: Hyderabad | G76: 44370 | J76: 29 | K76: 565000 | L76: 3 | M76: =IF(H76="","Active","Exited") -> Active | N76: =IF(H76="","",IF(OR(I76="Performance Termination",I76="Restructuring"),"Involuntary","Voluntary")) | O76: =(IF(H76="",Assumptions!$B$3,H76)-G76)/365.25 -> 5.2703628 | P76: =IF(J76<25,"Under 25",IF(J76<35,"25 to 34",IF(J76<45,"35 to 44",IF(J76<55,"45 to 54","55 and above")))) -> 25 to 34 | Q76: =IF(O76<1,"Under 1 yr",IF(O76<3,"1 to 3 yrs",IF(O76<5,"3 to 5 yrs",IF(O76<10,"5 to 10 yrs","10+ yrs")))) -> 5 to 10 yrs | R76: =K76/INDEX(Assumptions!$B$9:$B$13,MATCH(E76,Assumptions!$A$9:$A$13,0)) -> 1.0272727
A77: E1076 | B77: Swati Mehta | C77: Female | D77: Customer Support | E77: Entry | F77: Kolkata | G77: 44383 | H77: 46000 | I77: Better Compensation | J77: 26 | K77: 238000 | L77: 4 | M77: =IF(H77="","Active","Exited") -> Exited | N77: =IF(H77="","",IF(OR(I77="Performance Termination",I77="Restructuring"),"Involuntary","Voluntary")) -> Voluntary | O77: =(IF(H77="",Assumptions!$B$3,H77)-G77)/365.25 -> 4.4271047 | P77: =IF(J77<25,"Under 25",IF(J77<35,"25 to 34",IF(J77<45,"35 to 44",IF(J77<55,"45 to 54","55 and above")))) -> 25 to 34 | Q77: =IF(O77<1,"Under 1 yr",IF(O77<3,"1 to 3 yrs",IF(O77<5,"3 to 5 yrs",IF(O77<10,"5 to 10 yrs","10+ yrs")))) -> 3 to 5 yrs | R77: =K77/INDEX(Assumptions!$B$9:$B$13,MATCH(E77,Assumptions!$A$9:$A$13,0)) -> 0.68
A78: E1077 | B78: Rahul Verma | C78: Male | D78: Sales | E78: Senior | F78: Mumbai | G78: 44389 | J78: 37 | K78: 1027000 | L78: 3 | M78: =IF(H78="","Active","Exited") -> Active | N78: =IF(H78="","",IF(OR(I78="Performance Termination",I78="Restructuring"),"Involuntary","Voluntary")) | O78: =(IF(H78="",Assumptions!$B$3,H78)-G78)/365.25 -> 5.2183436 | P78: =IF(J78<25,"Under 25",IF(J78<35,"25 to 34",IF(J78<45,"35 to 44",IF(J78<55,"45 to 54","55 and above")))) -> 35 to 44 | Q78: =IF(O78<1,"Under 1 yr",IF(O78<3,"1 to 3 yrs",IF(O78<5,"3 to 5 yrs",IF(O78<10,"5 to 10 yrs","10+ yrs")))) -> 5 to 10 yrs | R78: =K78/INDEX(Assumptions!$B$9:$B$13,MATCH(E78,Assumptions!$A$9:$A$13,0)) -> 1.0810526
A79: E1078 | B79: Sourav Joshi | C79: Male | D79: Operations | E79: Manager | F79: Bengaluru | G79: 44410 | J79: 40 | K79: 1585000 | L79: 4 | M79: =IF(H79="","Active","Exited") -> Active | N79: =IF(H79="","",IF(OR(I79="Performance Termination",I79="Restructuring"),"Involuntary","Voluntary")) | O79: =(IF(H79="",Assumptions!$B$3,H79)-G79)/365.25 -> 5.1608487 | P79: =IF(J79<25,"Under 25",IF(J79<35,"25 to 34",IF(J79<45,"35 to 44",IF(J79<55,"45 to 54","55 and above")))) -> 35 to 44 | Q79: =IF(O79<1,"Under 1 yr",IF(O79<3,"1 to 3 yrs",IF(O79<5,"3 to 5 yrs",IF(O79<10,"5 to 10 yrs","10+ yrs")))) -> 5 to 10 yrs | R79: =K79/INDEX(Assumptions!$B$9:$B$13,MATCH(E79,Assumptions!$A$9:$A$13,0)) -> 0.96060606
A80: E1079 | B80: Priya Roy | C80: Female | D80: Marketing | E80: Associate | F80: Mumbai | G80: 44418 | J80: 28 | K80: 528000 | L80: 4 | M80: =IF(H80="","Active","Exited") -> Active | N80: =IF(H80="","",IF(OR(I80="Performance Termination",I80="Restructuring"),"Involuntary","Voluntary")) | O80: =(IF(H80="",Assumptions!$B$3,H80)-G80)/365.25 -> 5.1389459 | P80: =IF(J80<25,"Under 25",IF(J80<35,"25 to 34",IF(J80<45,"35 to 44",IF(J80<55,"45 to 54","55 and above")))) -> 25 to 34 | Q80: =IF(O80<1,"Under 1 yr",IF(O80<3,"1 to 3 yrs",IF(O80<5,"3 to 5 yrs",IF(O80<10,"5 to 10 yrs","10+ yrs")))) -> 5 to 10 yrs | R80: =K80/INDEX(Assumptions!$B$9:$B$13,MATCH(E80,Assumptions!$A$9:$A$13,0)) -> 0.96
A81: E1080 | B81: Sourav Mukherjee | C81: Male | D81: IT | E81: Senior | F81: Mumbai | G81: 44421 | J81: 32 | K81: 1261000 | L81: 4 | M81: =IF(H81="","Active","Exited") -> Active | N81: =IF(H81="","",IF(OR(I81="Performance Termination",I81="Restructuring"),"Involuntary","Voluntary")) | O81: =(IF(H81="",Assumptions!$B$3,H81)-G81)/365.25 -> 5.1307324 | P81: =IF(J81<25,"Under 25",IF(J81<35,"25 to 34",IF(J81<45,"35 to 44",IF(J81<55,"45 to 54","55 and above")))) -> 25 to 34 | Q81: =IF(O81<1,"Under 1 yr",IF(O81<3,"1 to 3 yrs",IF(O81<5,"3 to 5 yrs",IF(O81<10,"5 to 10 yrs","10+ yrs")))) -> 5 to 10 yrs | R81: =K81/INDEX(Assumptions!$B$9:$B$13,MATCH(E81,Assumptions!$A$9:$A$13,0)) -> 1.3273684
A82: E1081 | B82: Karan Patel | C82: Male | D82: Operations | E82: Associate | F82: Delhi NCR | G82: 44435 | J82: 29 | K82: 506000 | L82: 4 | M82: =IF(H82="","Active","Exited") -> Active | N82: =IF(H82="","",IF(OR(I82="Performance Termination",I82="Restructuring"),"Involuntary","Voluntary")) | O82: =(IF(H82="",Assumptions!$B$3,H82)-G82)/365.25 -> 5.0924025 | P82: =IF(J82<25,"Under 25",IF(J82<35,"25 to 34",IF(J82<45,"35 to 44",IF(J82<55,"45 to 54","55 and above")))) -> 25 to 34 | Q82: =IF(O82<1,"Under 1 yr",IF(O82<3,"1 to 3 yrs",IF(O82<5,"3 to 5 yrs",IF(O82<10,"5 to 10 yrs","10+ yrs")))) -> 5 to 10 yrs | R82: =K82/INDEX(Assumptions!$B$9:$B$13,MATCH(E82,Assumptions!$A$9:$A$13,0)) -> 0.92
A83: E1082 | B83: Rajib Ghosh | C83: Male | D83: IT | E83: Associate | F83: Kolkata | G83: 44440 | J83: 31 | K83: 693000 | L83: 4 | M83: =IF(H83="","Active","Exited") -> Active | N83: =IF(H83="","",IF(OR(I83="Performance Termination",I83="Restructuring"),"Involuntary","Voluntary")) | O83: =(IF(H83="",Assumptions!$B$3,H83)-G83)/365.25 -> 5.0787132 | P83: =IF(J83<25,"Under 25",IF(J83<35,"25 to 34",IF(J83<45,"35 to 44",IF(J83<55,"45 to 54","55 and above")))) -> 25 to 34 | Q83: =IF(O83<1,"Under 1 yr",IF(O83<3,"1 to 3 yrs",IF(O83<5,"3 to 5 yrs",IF(O83<10,"5 to 10 yrs","10+ yrs")))) -> 5 to 10 yrs | R83: =K83/INDEX(Assumptions!$B$9:$B$13,MATCH(E83,Assumptions!$A$9:$A$13,0)) -> 1.26
A84: E1083 | B84: Ananya Ghosh | C84: Female | D84: Operations | E84: Manager | F84: Delhi NCR | G84: 44457 | H84: 46142 | I84: Performance Termination | J84: 35 | K84: 1576000 | L84: 1 | M84: =IF(H84="","Active","Exited") -> Exited | N84: =IF(H84="","",IF(OR(I84="Performance Termination",I84="Restructuring"),"Involuntary","Voluntary")) -> Involuntary | O84: =(IF(H84="",Assumptions!$B$3,H84)-G84)/365.25 -> 4.6132786 | P84: =IF(J84<25,"Under 25",IF(J84<35,"25 to 34",IF(J84<45,"35 to 44",IF(J84<55,"45 to 54","55 and above")))) -> 35 to 44 | Q84: =IF(O84<1,"Under 1 yr",IF(O84<3,"1 to 3 yrs",IF(O84<5,"3 to 5 yrs",IF(O84<10,"5 to 10 yrs","10+ yrs")))) -> 3 to 5 yrs | R84: =K84/INDEX(Assumptions!$B$9:$B$13,MATCH(E84,Assumptions!$A$9:$A$13,0)) -> 0.95515152
A85: E1084 | B85: Siddharth Verma | C85: Male | D85: Operations | E85: Associate | F85: Kolkata | G85: 44478 | J85: 29 | K85: 520000 | L85: 3 | M85: =IF(H85="","Active","Exited") -> Active | N85: =IF(H85="","",IF(OR(I85="Performance Termination",I85="Restructuring"),"Involuntary","Voluntary")) | O85: =(IF(H85="",Assumptions!$B$3,H85)-G85)/365.25 -> 4.9746749 | P85: =IF(J85<25,"Under 25",IF(J85<35,"25 to 34",IF(J85<45,"35 to 44",IF(J85<55,"45 to 54","55 and above")))) -> 25 to 34 | Q85: =IF(O85<1,"Under 1 yr",IF(O85<3,"1 to 3 yrs",IF(O85<5,"3 to 5 yrs",IF(O85<10,"5 to 10 yrs","10+ yrs")))) -> 3 to 5 yrs | R85: =K85/INDEX(Assumptions!$B$9:$B$13,MATCH(E85,Assumptions!$A$9:$A$13,0)) -> 0.94545455
A86: E1085 | B86: Ananya Chatterjee | C86: Female | D86: IT | E86: Manager | F86: Mumbai | G86: 44511 | J86: 41 | K86: 1977000 | L86: 4 | M86: =IF(H86="","Active","Exited") -> Active | N86: =IF(H86="","",IF(OR(I86="Performance Termination",I86="Restructuring"),"Involuntary","Voluntary")) | O86: =(IF(H86="",Assumptions!$B$3,H86)-G86)/365.25 -> 4.8843258 | P86: =IF(J86<25,"Under 25",IF(J86<35,"25 to 34",IF(J86<45,"35 to 44",IF(J86<55,"45 to 54","55 and above")))) -> 35 to 44 | Q86: =IF(O86<1,"Under 1 yr",IF(O86<3,"1 to 3 yrs",IF(O86<5,"3 to 5 yrs",IF(O86<10,"5 to 10 yrs","10+ yrs")))) -> 3 to 5 yrs | R86: =K86/INDEX(Assumptions!$B$9:$B$13,MATCH(E86,Assumptions!$A$9:$A$13,0)) -> 1.1981818
A87: E1086 | B87: Rajib Kapoor | C87: Male | D87: Operations | E87: Senior | F87: Hyderabad | G87: 44511 | J87: 35 | K87: 976000 | L87: 2 | M87: =IF(H87="","Active","Exited") -> Active | N87: =IF(H87="","",IF(OR(I87="Performance Termination",I87="Restructuring"),"Involuntary","Voluntary")) | O87: =(IF(H87="",Assumptions!$B$3,H87)-G87)/365.25 -> 4.8843258 | P87: =IF(J87<25,"Under 25",IF(J87<35,"25 to 34",IF(J87<45,"35 to 44",IF(J87<55,"45 to 54","55 and above")))) -> 35 to 44 | Q87: =IF(O87<1,"Under 1 yr",IF(O87<3,"1 to 3 yrs",IF(O87<5,"3 to 5 yrs",IF(O87<10,"5 to 10 yrs","10+ yrs")))) -> 3 to 5 yrs | R87: =K87/INDEX(Assumptions!$B$9:$B$13,MATCH(E87,Assumptions!$A$9:$A$13,0)) -> 1.0273684
A88: E1087 | B88: Manish Reddy | C88: Male | D88: Operations | E88: Entry | F88: Hyderabad | G88: 44516 | J88: 25 | K88: 346000 | L88: 2 | M88: =IF(H88="","Active","Exited") -> Active | N88: =IF(H88="","",IF(OR(I88="Performance Termination",I88="Restructuring"),"Involuntary","Voluntary")) | O88: =(IF(H88="",Assumptions!$B$3,H88)-G88)/365.25 -> 4.8706366 | P88: =IF(J88<25,"Under 25",IF(J88<35,"25 to 34",IF(J88<45,"35 to 44",IF(J88<55,"45 to 54","55 and above")))) -> 25 to 34 | Q88: =IF(O88<1,"Under 1 yr",IF(O88<3,"1 to 3 yrs",IF(O88<5,"3 to 5 yrs",IF(O88<10,"5 to 10 yrs","10+ yrs")))) -> 3 to 5 yrs | R88: =K88/INDEX(Assumptions!$B$9:$B$13,MATCH(E88,Assumptions!$A$9:$A$13,0)) -> 0.98857143
A89: E1088 | B89: Neha Bose | C89: Female | D89: Operations | E89: Senior | F89: Hyderabad | G89: 44528 | J89: 35 | K89: 816000 | L89: 4 | M89: =IF(H89="","Active","Exited") -> Active | N89: =IF(H89="","",IF(OR(I89="Performance Termination",I89="Restructuring"),"Involuntary","Voluntary")) | O89: =(IF(H89="",Assumptions!$B$3,H89)-G89)/365.25 -> 4.8377823 | P89: =IF(J89<25,"Under 25",IF(J89<35,"25 to 34",IF(J89<45,"35 to 44",IF(J89<55,"45 to 54","55 and above")))) -> 35 to 44 | Q89: =IF(O89<1,"Under 1 yr",IF(O89<3,"1 to 3 yrs",IF(O89<5,"3 to 5 yrs",IF(O89<10,"5 to 10 yrs","10+ yrs")))) -> 3 to 5 yrs | R89: =K89/INDEX(Assumptions!$B$9:$B$13,MATCH(E89,Assumptions!$A$9:$A$13,0)) -> 0.85894737
A90: E1089 | B90: Isha Verma | C90: Female | D90: IT | E90: Entry | F90: Kolkata | G90: 44537 | J90: 24 | K90: 435000 | L90: 4 | M90: =IF(H90="","Active","Exited") -> Active | N90: =IF(H90="","",IF(OR(I90="Performance Termination",I90="Restructuring"),"Involuntary","Voluntary")) | O90: =(IF(H90="",Assumptions!$B$3,H90)-G90)/365.25 -> 4.8131417 | P90: =IF(J90<25,"Under 25",IF(J90<35,"25 to 34",IF(J90<45,"35 to 44",IF(J90<55,"45 to 54","55 and above")))) -> Under 25 | Q90: =IF(O90<1,"Under 1 yr",IF(O90<3,"1 to 3 yrs",IF(O90<5,"3 to 5 yrs",IF(O90<10,"5 to 10 yrs","10+ yrs")))) -> 3 to 5 yrs | R90: =K90/INDEX(Assumptions!$B$9:$B$13,MATCH(E90,Assumptions!$A$9:$A$13,0)) -> 1.2428571
A91: E1090 | B91: Neha Chatterjee | C91: Female | D91: Customer Support | E91: Senior | F91: Bengaluru | G91: 44540 | J91: 37 | K91: 713000 | L91: 3 | M91: =IF(H91="","Active","Exited") -> Active | N91: =IF(H91="","",IF(OR(I91="Performance Termination",I91="Restructuring"),"Involuntary","Voluntary")) | O91: =(IF(H91="",Assumptions!$B$3,H91)-G91)/365.25 -> 4.8049281 | P91: =IF(J91<25,"Under 25",IF(J91<35,"25 to 34",IF(J91<45,"35 to 44",IF(J91<55,"45 to 54","55 and above")))) -> 35 to 44 | Q91: =IF(O91<1,"Under 1 yr",IF(O91<3,"1 to 3 yrs",IF(O91<5,"3 to 5 yrs",IF(O91<10,"5 to 10 yrs","10+ yrs")))) -> 3 to 5 yrs | R91: =K91/INDEX(Assumptions!$B$9:$B$13,MATCH(E91,Assumptions!$A$9:$A$13,0)) -> 0.75052632
A92: E1091 | B92: Anjali Iyer | C92: Female | D92: IT | E92: Senior | F92: Bengaluru | G92: 44542 | J92: 36 | K92: 1080000 | L92: 3 | M92: =IF(H92="","Active","Exited") -> Active | N92: =IF(H92="","",IF(OR(I92="Performance Termination",I92="Restructuring"),"Involuntary","Voluntary")) | O92: =(IF(H92="",Assumptions!$B$3,H92)-G92)/365.25 -> 4.7994524 | P92: =IF(J92<25,"Under 25",IF(J92<35,"25 to 34",IF(J92<45,"35 to 44",IF(J92<55,"45 to 54","55 and above")))) -> 35 to 44 | Q92: =IF(O92<1,"Under 1 yr",IF(O92<3,"1 to 3 yrs",IF(O92<5,"3 to 5 yrs",IF(O92<10,"5 to 10 yrs","10+ yrs")))) -> 3 to 5 yrs | R92: =K92/INDEX(Assumptions!$B$9:$B$13,MATCH(E92,Assumptions!$A$9:$A$13,0)) -> 1.1368421
A93: E1092 | B93: Moumita Saha | C93: Female | D93: Finance | E93: Entry | F93: Delhi NCR | G93: 44551 | J93: 24 | K93: 369000 | L93: 4 | M93: =IF(H93="","Active","Exited") -> Active | N93: =IF(H93="","",IF(OR(I93="Performance Termination",I93="Restructuring"),"Involuntary","Voluntary")) | O93: =(IF(H93="",Assumptions!$B$3,H93)-G93)/365.25 -> 4.7748118 | P93: =IF(J93<25,"Under 25",IF(J93<35,"25 to 34",IF(J93<45,"35 to 44",IF(J93<55,"45 to 54","55 and above")))) -> Under 25 | Q93: =IF(O93<1,"Under 1 yr",IF(O93<3,"1 to 3 yrs",IF(O93<5,"3 to 5 yrs",IF(O93<10,"5 to 10 yrs","10+ yrs")))) -> 3 to 5 yrs | R93: =K93/INDEX(Assumptions!$B$9:$B$13,MATCH(E93,Assumptions!$A$9:$A$13,0)) -> 1.0542857
A94: E1093 | B94: Tanmay Saha | C94: Male | D94: IT | E94: Manager | F94: Bengaluru | G94: 44604 | J94: 39 | K94: 1772000 | L94: 3 | M94: =IF(H94="","Active","Exited") -> Active | N94: =IF(H94="","",IF(OR(I94="Performance Termination",I94="Restructuring"),"Involuntary","Voluntary")) | O94: =(IF(H94="",Assumptions!$B$3,H94)-G94)/365.25 -> 4.6297057 | P94: =IF(J94<25,"Under 25",IF(J94<35,"25 to 34",IF(J94<45,"35 to 44",IF(J94<55,"45 to 54","55 and above")))) -> 35 to 44 | Q94: =IF(O94<1,"Under 1 yr",IF(O94<3,"1 to 3 yrs",IF(O94<5,"3 to 5 yrs",IF(O94<10,"5 to 10 yrs","10+ yrs")))) -> 3 to 5 yrs | R94: =K94/INDEX(Assumptions!$B$9:$B$13,MATCH(E94,Assumptions!$A$9:$A$13,0)) -> 1.0739394
A95: E1094 | B95: Vivek Kapoor | C95: Male | D95: IT | E95: Manager | F95: Hyderabad | G95: 44626 | J95: 39 | K95: 1850000 | L95: 4 | M95: =IF(H95="","Active","Exited") -> Active | N95: =IF(H95="","",IF(OR(I95="Performance Termination",I95="Restructuring"),"Involuntary","Voluntary")) | O95: =(IF(H95="",Assumptions!$B$3,H95)-G95)/365.25 -> 4.569473 | P95: =IF(J95<25,"Under 25",IF(J95<35,"25 to 34",IF(J95<45,"35 to 44",IF(J95<55,"45 to 54","55 and above")))) -> 35 to 44 | Q95: =IF(O95<1,"Under 1 yr",IF(O95<3,"1 to 3 yrs",IF(O95<5,"3 to 5 yrs",IF(O95<10,"5 to 10 yrs","10+ yrs")))) -> 3 to 5 yrs | R95: =K95/INDEX(Assumptions!$B$9:$B$13,MATCH(E95,Assumptions!$A$9:$A$13,0)) -> 1.1212121
A96: E1095 | B96: Ishita Mukherjee | C96: Female | D96: Customer Support | E96: Entry | F96: Kolkata | G96: 44648 | H96: 45964 | I96: Work-Life Balance | J96: 24 | K96: 293000 | L96: 3 | M96: =IF(H96="","Active","Exited") -> Exited | N96: =IF(H96="","",IF(OR(I96="Performance Termination",I96="Restructuring"),"Involuntary","Voluntary")) -> Voluntary | O96: =(IF(H96="",Assumptions!$B$3,H96)-G96)/365.25 -> 3.6030116 | P96: =IF(J96<25,"Under 25",IF(J96<35,"25 to 34",IF(J96<45,"35 to 44",IF(J96<55,"45 to 54","55 and above")))) -> Under 25 | Q96: =IF(O96<1,"Under 1 yr",IF(O96<3,"1 to 3 yrs",IF(O96<5,"3 to 5 yrs",IF(O96<10,"5 to 10 yrs","10+ yrs")))) -> 3 to 5 yrs | R96: =K96/INDEX(Assumptions!$B$9:$B$13,MATCH(E96,Assumptions!$A$9:$A$13,0)) -> 0.83714286
A97: E1096 | B97: Saurabh Banerjee | C97: Male | D97: Customer Support | E97: Associate | F97: Kolkata | G97: 44653 | H97: 46001 | I97: Work-Life Balance | J97: 29 | K97: 520000 | L97: 4 | M97: =IF(H97="","Active","Exited") -> Exited | N97: =IF(H97="","",IF(OR(I97="Performance Termination",I97="Restructuring"),"Involuntary","Voluntary")) -> Voluntary | O97: =(IF(H97="",Assumptions!$B$3,H97)-G97)/365.25 -> 3.6906229 | P97: =IF(J97<25,"Under 25",IF(J97<35,"25 to 34",IF(J97<45,"35 to 44",IF(J97<55,"45 to 54","55 and above")))) -> 25 to 34 | Q97: =IF(O97<1,"Under 1 yr",IF(O97<3,"1 to 3 yrs",IF(O97<5,"3 to 5 yrs",IF(O97<10,"5 to 10 yrs","10+ yrs")))) -> 3 to 5 yrs | R97: =K97/INDEX(Assumptions!$B$9:$B$13,MATCH(E97,Assumptions!$A$9:$A$13,0)) -> 0.94545455
A98: E1097 | B98: Rahul Mehta | C98: Male | D98: Sales | E98: Director | F98: Kolkata | G98: 44657 | J98: 45 | K98: 3202000 | L98: 5 | M98: =IF(H98="","Active","Exited") -> Active | N98: =IF(H98="","",IF(OR(I98="Performance Termination",I98="Restructuring"),"Involuntary","Voluntary")) | O98: =(IF(H98="",Assumptions!$B$3,H98)-G98)/365.25 -> 4.4845996 | P98: =IF(J98<25,"Under 25",IF(J98<35,"25 to 34",IF(J98<45,"35 to 44",IF(J98<55,"45 to 54","55 and above")))) -> 45 to 54 | Q98: =IF(O98<1,"Under 1 yr",IF(O98<3,"1 to 3 yrs",IF(O98<5,"3 to 5 yrs",IF(O98<10,"5 to 10 yrs","10+ yrs")))) -> 3 to 5 yrs | R98: =K98/INDEX(Assumptions!$B$9:$B$13,MATCH(E98,Assumptions!$A$9:$A$13,0)) -> 1.0673333
A99: E1098 | B99: Tanvi Verma | C99: Female | D99: Customer Support | E99: Entry | F99: Kolkata | G99: 44668 | J99: 25 | K99: 270000 | L99: 4 | M99: =IF(H99="","Active","Exited") -> Active | N99: =IF(H99="","",IF(OR(I99="Performance Termination",I99="Restructuring"),"Involuntary","Voluntary")) | O99: =(IF(H99="",Assumptions!$B$3,H99)-G99)/365.25 -> 4.4544832 | P99: =IF(J99<25,"Under 25",IF(J99<35,"25 to 34",IF(J99<45,"35 to 44",IF(J99<55,"45 to 54","55 and above")))) -> 25 to 34 | Q99: =IF(O99<1,"Under 1 yr",IF(O99<3,"1 to 3 yrs",IF(O99<5,"3 to 5 yrs",IF(O99<10,"5 to 10 yrs","10+ yrs")))) -> 3 to 5 yrs | R99: =K99/INDEX(Assumptions!$B$9:$B$13,MATCH(E99,Assumptions!$A$9:$A$13,0)) -> 0.77142857
A100: E1099 | B100: Soham Chatterjee | C100: Male | D100: Customer Support | E100: Associate | F100: Delhi NCR | G100: 44714 | J100: 28 | K100: 527000 | L100: 3 | M100: =IF(H100="","Active","Exited") -> Active | N100: =IF(H100="","",IF(OR(I100="Performance Termination",I100="Restructuring"),"Involuntary","Voluntary")) | O100: =(IF(H100="",Assumptions!$B$3,H100)-G100)/365.25 -> 4.3285421 | P100: =IF(J100<25,"Under 25",IF(J100<35,"25 to 34",IF(J100<45,"35 to 44",IF(J100<55,"45 to 54","55 and above")))) -> 25 to 34 | Q100: =IF(O100<1,"Under 1 yr",IF(O100<3,"1 to 3 yrs",IF(O100<5,"3 to 5 yrs",IF(O100<10,"5 to 10 yrs","10+ yrs")))) -> 3 to 5 yrs | R100: =K100/INDEX(Assumptions!$B$9:$B$13,MATCH(E100,Assumptions!$A$9:$A$13,0)) -> 0.95818182
A101: E1100 | B101: Rajib Patel | C101: Male | D101: IT | E101: Associate | F101: Delhi NCR | G101: 44723 | J101: 28 | K101: 575000 | L101: 1 | M101: =IF(H101="","Active","Exited") -> Active | N101: =IF(H101="","",IF(OR(I101="Performance Termination",I101="Restructuring"),"Involuntary","Voluntary")) | O101: =(IF(H101="",Assumptions!$B$3,H101)-G101)/365.25 -> 4.3039014 | P101: =IF(J101<25,"Under 25",IF(J101<35,"25 to 34",IF(J101<45,"35 to 44",IF(J101<55,"45 to 54","55 and above")))) -> 25 to 34 | Q101: =IF(O101<1,"Under 1 yr",IF(O101<3,"1 to 3 yrs",IF(O101<5,"3 to 5 yrs",IF(O101<10,"5 to 10 yrs","10+ yrs")))) -> 3 to 5 yrs | R101: =K101/INDEX(Assumptions!$B$9:$B$13,MATCH(E101,Assumptions!$A$9:$A$13,0)) -> 1.0454545
A102: E1101 | B102: Shreya Ghosh | C102: Female | D102: Finance | E102: Entry | F102: Delhi NCR | G102: 44732 | J102: 25 | K102: 384000 | L102: 4 | M102: =IF(H102="","Active","Exited") -> Active | N102: =IF(H102="","",IF(OR(I102="Performance Termination",I102="Restructuring"),"Involuntary","Voluntary")) | O102: =(IF(H102="",Assumptions!$B$3,H102)-G102)/365.25 -> 4.2792608 | P102: =IF(J102<25,"Under 25",IF(J102<35,"25 to 34",IF(J102<45,"35 to 44",IF(J102<55,"45 to 54","55 and above")))) -> 25 to 34 | Q102: =IF(O102<1,"Under 1 yr",IF(O102<3,"1 to 3 yrs",IF(O102<5,"3 to 5 yrs",IF(O102<10,"5 to 10 yrs","10+ yrs")))) -> 3 to 5 yrs | R102: =K102/INDEX(Assumptions!$B$9:$B$13,MATCH(E102,Assumptions!$A$9:$A$13,0)) -> 1.0971429
A103: E1102 | B103: Amit Verma | C103: Male | D103: IT | E103: Entry | F103: Kolkata | G103: 44740 | J103: 26 | K103: 440000 | L103: 3 | M103: =IF(H103="","Active","Exited") -> Active | N103: =IF(H103="","",IF(OR(I103="Performance Termination",I103="Restructuring"),"Involuntary","Voluntary")) | O103: =(IF(H103="",Assumptions!$B$3,H103)-G103)/365.25 -> 4.257358 | P103: =IF(J103<25,"Under 25",IF(J103<35,"25 to 34",IF(J103<45,"35 to 44",IF(J103<55,"45 to 54","55 and above")))) -> 25 to 34 | Q103: =IF(O103<1,"Under 1 yr",IF(O103<3,"1 to 3 yrs",IF(O103<5,"3 to 5 yrs",IF(O103<10,"5 to 10 yrs","10+ yrs")))) -> 3 to 5 yrs | R103: =K103/INDEX(Assumptions!$B$9:$B$13,MATCH(E103,Assumptions!$A$9:$A$13,0)) -> 1.2571429
A104: E1103 | B104: Sneha Kapoor | C104: Female | D104: Finance | E104: Associate | F104: Delhi NCR | G104: 44758 | J104: 28 | K104: 592000 | L104: 3 | M104: =IF(H104="","Active","Exited") -> Active | N104: =IF(H104="","",IF(OR(I104="Performance Termination",I104="Restructuring"),"Involuntary","Voluntary")) | O104: =(IF(H104="",Assumptions!$B$3,H104)-G104)/365.25 -> 4.2080767 | P104: =IF(J104<25,"Under 25",IF(J104<35,"25 to 34",IF(J104<45,"35 to 44",IF(J104<55,"45 to 54","55 and above")))) -> 25 to 34 | Q104: =IF(O104<1,"Under 1 yr",IF(O104<3,"1 to 3 yrs",IF(O104<5,"3 to 5 yrs",IF(O104<10,"5 to 10 yrs","10+ yrs")))) -> 3 to 5 yrs | R104: =K104/INDEX(Assumptions!$B$9:$B$13,MATCH(E104,Assumptions!$A$9:$A$13,0)) -> 1.0763636
A105: E1104 | B105: Nisha Chatterjee | C105: Female | D105: Sales | E105: Entry | F105: Hyderabad | G105: 44759 | H105: 45934 | I105: Better Compensation | J105: 23 | K105: 310000 | L105: 3 | M105: =IF(H105="","Active","Exited") -> Exited | N105: =IF(H105="","",IF(OR(I105="Performance Termination",I105="Restructuring"),"Involuntary","Voluntary")) -> Voluntary | O105: =(IF(H105="",Assumptions!$B$3,H105)-G105)/365.25 -> 3.2169747 | P105: =IF(J105<25,"Under 25",IF(J105<35,"25 to 34",IF(J105<45,"35 to 44",IF(J105<55,"45 to 54","55 and above")))) -> Under 25 | Q105: =IF(O105<1,"Under 1 yr",IF(O105<3,"1 to 3 yrs",IF(O105<5,"3 to 5 yrs",IF(O105<10,"5 to 10 yrs","10+ yrs")))) -> 3 to 5 yrs | R105: =K105/INDEX(Assumptions!$B$9:$B$13,MATCH(E105,Assumptions!$A$9:$A$13,0)) -> 0.88571429
A106: E1105 | B106: Deepak Reddy | C106: Male | D106: Customer Support | E106: Entry | F106: Bengaluru | G106: 44776 | J106: 26 | K106: 297000 | L106: 2 | M106: =IF(H106="","Active","Exited") -> Active | N106: =IF(H106="","",IF(OR(I106="Performance Termination",I106="Restructuring"),"Involuntary","Voluntary")) | O106: =(IF(H106="",Assumptions!$B$3,H106)-G106)/365.25 -> 4.1587953 | P106: =IF(J106<25,"Under 25",IF(J106<35,"25 to 34",IF(J106<45,"35 to 44",IF(J106<55,"45 to 54","55 and above")))) -> 25 to 34 | Q106: =IF(O106<1,"Under 1 yr",IF(O106<3,"1 to 3 yrs",IF(O106<5,"3 to 5 yrs",IF(O106<10,"5 to 10 yrs","10+ yrs")))) -> 3 to 5 yrs | R106: =K106/INDEX(Assumptions!$B$9:$B$13,MATCH(E106,Assumptions!$A$9:$A$13,0)) -> 0.84857143
A107: E1106 | B107: Ishita Sharma | C107: Female | D107: Customer Support | E107: Senior | F107: Mumbai | G107: 44778 | J107: 36 | K107: 725000 | L107: 4 | M107: =IF(H107="","Active","Exited") -> Active | N107: =IF(H107="","",IF(OR(I107="Performance Termination",I107="Restructuring"),"Involuntary","Voluntary")) | O107: =(IF(H107="",Assumptions!$B$3,H107)-G107)/365.25 -> 4.1533196 | P107: =IF(J107<25,"Under 25",IF(J107<35,"25 to 34",IF(J107<45,"35 to 44",IF(J107<55,"45 to 54","55 and above")))) -> 35 to 44 | Q107: =IF(O107<1,"Under 1 yr",IF(O107<3,"1 to 3 yrs",IF(O107<5,"3 to 5 yrs",IF(O107<10,"5 to 10 yrs","10+ yrs")))) -> 3 to 5 yrs | R107: =K107/INDEX(Assumptions!$B$9:$B$13,MATCH(E107,Assumptions!$A$9:$A$13,0)) -> 0.76315789
A108: E1107 | B108: Abhishek Joshi | C108: Male | D108: Sales | E108: Entry | F108: Bengaluru | G108: 44813 | J108: 25 | K108: 393000 | L108: 3 | M108: =IF(H108="","Active","Exited") -> Active | N108: =IF(H108="","",IF(OR(I108="Performance Termination",I108="Restructuring"),"Involuntary","Voluntary")) | O108: =(IF(H108="",Assumptions!$B$3,H108)-G108)/365.25 -> 4.0574949 | P108: =IF(J108<25,"Under 25",IF(J108<35,"25 to 34",IF(J108<45,"35 to 44",IF(J108<55,"45 to 54","55 and above")))) -> 25 to 34 | Q108: =IF(O108<1,"Under 1 yr",IF(O108<3,"1 to 3 yrs",IF(O108<5,"3 to 5 yrs",IF(O108<10,"5 to 10 yrs","10+ yrs")))) -> 3 to 5 yrs | R108: =K108/INDEX(Assumptions!$B$9:$B$13,MATCH(E108,Assumptions!$A$9:$A$13,0)) -> 1.1228571
A109: E1108 | B109: Nisha Dutta | C109: Female | D109: Marketing | E109: Entry | F109: Kolkata | G109: 44823 | J109: 26 | K109: 373000 | L109: 3 | M109: =IF(H109="","Active","Exited") -> Active | N109: =IF(H109="","",IF(OR(I109="Performance Termination",I109="Restructuring"),"Involuntary","Voluntary")) | O109: =(IF(H109="",Assumptions!$B$3,H109)-G109)/365.25 -> 4.0301164 | P109: =IF(J109<25,"Under 25",IF(J109<35,"25 to 34",IF(J109<45,"35 to 44",IF(J109<55,"45 to 54","55 and above")))) -> 25 to 34 | Q109: =IF(O109<1,"Under 1 yr",IF(O109<3,"1 to 3 yrs",IF(O109<5,"3 to 5 yrs",IF(O109<10,"5 to 10 yrs","10+ yrs")))) -> 3 to 5 yrs | R109: =K109/INDEX(Assumptions!$B$9:$B$13,MATCH(E109,Assumptions!$A$9:$A$13,0)) -> 1.0657143
A110: E1109 | B110: Vikram Bose | C110: Male | D110: Customer Support | E110: Entry | F110: Bengaluru | G110: 44850 | J110: 25 | K110: 308000 | L110: 4 | M110: =IF(H110="","Active","Exited") -> Active | N110: =IF(H110="","",IF(OR(I110="Performance Termination",I110="Restructuring"),"Involuntary","Voluntary")) | O110: =(IF(H110="",Assumptions!$B$3,H110)-G110)/365.25 -> 3.9561944 | P110: =IF(J110<25,"Under 25",IF(J110<35,"25 to 34",IF(J110<45,"35 to 44",IF(J110<55,"45 to 54","55 and above")))) -> 25 to 34 | Q110: =IF(O110<1,"Under 1 yr",IF(O110<3,"1 to 3 yrs",IF(O110<5,"3 to 5 yrs",IF(O110<10,"5 to 10 yrs","10+ yrs")))) -> 3 to 5 yrs | R110: =K110/INDEX(Assumptions!$B$9:$B$13,MATCH(E110,Assumptions!$A$9:$A$13,0)) -> 0.88
A111: E1110 | B111: Saurabh Nair | C111: Male | D111: Operations | E111: Associate | F111: Mumbai | G111: 44872 | J111: 26 | K111: 485000 | L111: 3 | M111: =IF(H111="","Active","Exited") -> Active | N111: =IF(H111="","",IF(OR(I111="Performance Termination",I111="Restructuring"),"Involuntary","Voluntary")) | O111: =(IF(H111="",Assumptions!$B$3,H111)-G111)/365.25 -> 3.8959617 | P111: =IF(J111<25,"Under 25",IF(J111<35,"25 to 34",IF(J111<45,"35 to 44",IF(J111<55,"45 to 54","55 and above")))) -> 25 to 34 | Q111: =IF(O111<1,"Under 1 yr",IF(O111<3,"1 to 3 yrs",IF(O111<5,"3 to 5 yrs",IF(O111<10,"5 to 10 yrs","10+ yrs")))) -> 3 to 5 yrs | R111: =K111/INDEX(Assumptions!$B$9:$B$13,MATCH(E111,Assumptions!$A$9:$A$13,0)) -> 0.88181818
A112: E1111 | B112: Vivek Joshi | C112: Male | D112: Sales | E112: Manager | F112: Hyderabad | G112: 44877 | J112: 40 | K112: 1491000 | L112: 3 | M112: =IF(H112="","Active","Exited") -> Active | N112: =IF(H112="","",IF(OR(I112="Performance Termination",I112="Restructuring"),"Involuntary","Voluntary")) | O112: =(IF(H112="",Assumptions!$B$3,H112)-G112)/365.25 -> 3.8822724 | P112: =IF(J112<25,"Under 25",IF(J112<35,"25 to 34",IF(J112<45,"35 to 44",IF(J112<55,"45 to 54","55 and above")))) -> 35 to 44 | Q112: =IF(O112<1,"Under 1 yr",IF(O112<3,"1 to 3 yrs",IF(O112<5,"3 to 5 yrs",IF(O112<10,"5 to 10 yrs","10+ yrs")))) -> 3 to 5 yrs | R112: =K112/INDEX(Assumptions!$B$9:$B$13,MATCH(E112,Assumptions!$A$9:$A$13,0)) -> 0.90363636
A113: E1112 | B113: Shreya Mukherjee | C113: Female | D113: Marketing | E113: Senior | F113: Bengaluru | G113: 44880 | H113: 46113 | I113: Manager Relationship | J113: 31 | K113: 963000 | L113: 2 | M113: =IF(H113="","Active","Exited") -> Exited | N113: =IF(H113="","",IF(OR(I113="Performance Termination",I113="Restructuring"),"Involuntary","Voluntary")) -> Voluntary | O113: =(IF(H113="",Assumptions!$B$3,H113)-G113)/365.25 -> 3.37577 | P113: =IF(J113<25,"Under 25",IF(J113<35,"25 to 34",IF(J113<45,"35 to 44",IF(J113<55,"45 to 54","55 and above")))) -> 25 to 34 | Q113: =IF(O113<1,"Under 1 yr",IF(O113<3,"1 to 3 yrs",IF(O113<5,"3 to 5 yrs",IF(O113<10,"5 to 10 yrs","10+ yrs")))) -> 3 to 5 yrs | R113: =K113/INDEX(Assumptions!$B$9:$B$13,MATCH(E113,Assumptions!$A$9:$A$13,0)) -> 1.0136842
A114: E1113 | B114: Swati Gupta | C114: Female | D114: Marketing | E114: Entry | F114: Kolkata | G114: 44893 | J114: 23 | K114: 325000 | L114: 2 | M114: =IF(H114="","Active","Exited") -> Active | N114: =IF(H114="","",IF(OR(I114="Performance Termination",I114="Restructuring"),"Involuntary","Voluntary")) | O114: =(IF(H114="",Assumptions!$B$3,H114)-G114)/365.25 -> 3.8384668 | P114: =IF(J114<25,"Under 25",IF(J114<35,"25 to 34",IF(J114<45,"35 to 44",IF(J114<55,"45 to 54","55 and above")))) -> Under 25 | Q114: =IF(O114<1,"Under 1 yr",IF(O114<3,"1 to 3 yrs",IF(O114<5,"3 to 5 yrs",IF(O114<10,"5 to 10 yrs","10+ yrs")))) -> 3 to 5 yrs | R114: =K114/INDEX(Assumptions!$B$9:$B$13,MATCH(E114,Assumptions!$A$9:$A$13,0)) -> 0.92857143
A115: E1114 | B115: Isha Roy | C115: Female | D115: Marketing | E115: Senior | F115: Bengaluru | G115: 44906 | H115: 46027 | I115: Performance Termination | J115: 35 | K115: 1022000 | L115: 2 | M115: =IF(H115="","Active","Exited") -> Exited | N115: =IF(H115="","",IF(OR(I115="Performance Termination",I115="Restructuring"),"Involuntary","Voluntary")) -> Involuntary | O115: =(IF(H115="",Assumptions!$B$3,H115)-G115)/365.25 -> 3.0691307 | P115: =IF(J115<25,"Under 25",IF(J115<35,"25 to 34",IF(J115<45,"35 to 44",IF(J115<55,"45 to 54","55 and above")))) -> 35 to 44 | Q115: =IF(O115<1,"Under 1 yr",IF(O115<3,"1 to 3 yrs",IF(O115<5,"3 to 5 yrs",IF(O115<10,"5 to 10 yrs","10+ yrs")))) -> 3 to 5 yrs | R115: =K115/INDEX(Assumptions!$B$9:$B$13,MATCH(E115,Assumptions!$A$9:$A$13,0)) -> 1.0757895
...

Sheet Assumptions
A1: Assumptions & Method
A2: Blue text = editable input | Black = formula | Yellow fill = key assumption
A3: As-of (reporting) date | B3: 46295
A4: 12-month window start | B4: =EOMONTH(B3,-12)+1 -> 45931
A8: Job Level | B8: Salary Midpoint (INR)
A9: Entry | B9: 350000
A10: Associate | B10: 550000
A11: Senior | B11: 950000
A12: Manager | B12: 1650000
A13: Director | B13: 3000000
